consumer_sheet,consumer_cell,referenced_sheet,referenced_range,resolution
2012 YTD Summary,B4,Daily Census IP 2012,AI5,internal
2012 YTD Summary,C4,Daily Census IP 2012,AI8,internal
2012 YTD Summary,D4,Daily Census IP 2012,AI11,internal
2012 YTD Summary,E4,Daily Census IP 2012,AI14,internal
2012 YTD Summary,F4,Daily Census IP 2012,AI17,internal
2012 YTD Summary,G4,Daily Census IP 2012,AI20,internal
2012 YTD Summary,H4,Daily Census IP 2012,AI23,internal
2012 YTD Summary,I4,Daily Census IP 2012,AI26,internal
2012 YTD Summary,J4,Daily Census IP 2012,AI29,internal
2012 YTD Summary,K4,Daily Census IP 2012,AI32,internal
2012 YTD Summary,L4,Daily Census IP 2012,AI35,internal
2012 YTD Summary,M4,Daily Census IP 2012,AI38,internal
2012 YTD Summary,B5,Daily Census IP 2012,AI6,internal
2012 YTD Summary,C5,Daily Census IP 2012,AI9,internal
2012 YTD Summary,D5,Daily Census IP 2012,AI12,internal
2012 YTD Summary,E5,Daily Census IP 2012,AI15,internal
2012 YTD Summary,F5,Daily Census IP 2012,AI18,internal
2012 YTD Summary,G5,Daily Census IP 2012,AI21,internal
2012 YTD Summary,H5,Daily Census IP 2012,AI24,internal
2012 YTD Summary,I5,Daily Census IP 2012,AI27,internal
2012 YTD Summary,J5,Daily Census IP 2012,AI30,internal
2012 YTD Summary,K5,Daily Census IP 2012,AI33,internal
2012 YTD Summary,L5,Daily Census IP 2012,AI36,internal
2012 YTD Summary,M5,Daily Census IP 2012,AI39,internal
2012 YTD Summary,B6,Daily Census IP 2012,AI4,internal
2012 YTD Summary,C6,Daily Census IP 2012,AI7,internal
2012 YTD Summary,D6,Daily Census IP 2012,AI10,internal
2012 YTD Summary,E6,Daily Census IP 2012,AI13,internal
2012 YTD Summary,F6,Daily Census IP 2012,AI16,internal
2012 YTD Summary,G6,Daily Census IP 2012,AI19,internal
2012 YTD Summary,H6,Daily Census IP 2012,AI22,internal
2012 YTD Summary,I6,Daily Census IP 2012,AI25,internal
2012 YTD Summary,J6,Daily Census IP 2012,AI28,internal
2012 YTD Summary,K6,Daily Census IP 2012,AI31,internal
2012 YTD Summary,L6,Daily Census IP 2012,AI34,internal
2012 YTD Summary,M6,Daily Census IP 2012,AI37,internal
2012 YTD Summary,B7,Daily Census IP 2012,AH4,internal
2012 YTD Summary,C7,Daily Census IP 2012,AH7,internal
2012 YTD Summary,D7,Daily Census IP 2012,AH10,internal
2012 YTD Summary,E7,Daily Census IP 2012,AH13,internal
2012 YTD Summary,F7,Daily Census IP 2012,AH16,internal
2012 YTD Summary,G7,Daily Census IP 2012,AH19,internal
2012 YTD Summary,H7,Daily Census IP 2012,AH22,internal
2012 YTD Summary,I7,Daily Census IP 2012,AH25,internal
2012 YTD Summary,B8,Jan Revenue  ,F51,internal
2012 YTD Summary,C8,Feb Revenue ,F51,internal
2012 YTD Summary,D8,Mar Revenue  ,F50,internal
2012 YTD Summary,E8,Apr Revenue ,F50,internal
2012 YTD Summary,F8,May Revenue  ,F51,internal
2012 YTD Summary,G8,June Revenue,F50,internal
2012 YTD Summary,H8,July Revenue  ,F50,internal
2012 YTD Summary,I8,Aug Revenue,F50,internal
2012 YTD Summary,B9,Daily Census IP 2012,AH5,internal
2012 YTD Summary,C9,Daily Census IP 2012,AH8,internal
2012 YTD Summary,D9,Daily Census IP 2012,AH11,internal
2012 YTD Summary,E9,Daily Census IP 2012,AH14,internal
2012 YTD Summary,F9,May Revenue  ,J57,internal
2012 YTD Summary,G9,Daily Census IP 2012,AH20,internal
2012 YTD Summary,H9,Daily Census IP 2012,AH23,internal
2012 YTD Summary,I9,Daily Census IP 2012,AH26,internal
2012 YTD Summary,J9,Daily Census IP 2012,AH29,internal
2012 YTD Summary,K9,Daily Census IP 2012,AH32,internal
2012 YTD Summary,L9,Daily Census IP 2012,AH35,internal
2012 YTD Summary,M9,Daily Census IP 2012,AH38,internal
2012 YTD Summary,B10,Jan Revenue  ,E56,internal
2012 YTD Summary,C10,Feb Revenue ,E56,internal
2012 YTD Summary,D10,Mar Revenue  ,E55,internal
2012 YTD Summary,E10,Apr Revenue ,E56,internal
2012 YTD Summary,F10,May Revenue  ,E54,internal
2012 YTD Summary,G10,June Revenue,E56,internal
2012 YTD Summary,H10,July Revenue  ,E56,internal
2012 YTD Summary,I10,Aug Revenue,E56,internal
2012 YTD Summary,B11,Jan Revenue  ,M56,internal
2012 YTD Summary,C11,Feb Revenue ,M56,internal
2012 YTD Summary,D11,Mar Revenue  ,M55,internal
2012 YTD Summary,E11,Apr Revenue ,M56,internal
2012 YTD Summary,F11,May Revenue  ,M57,internal
2012 YTD Summary,G11,June Revenue,M56,internal
2012 YTD Summary,H11,July Revenue  ,M56,internal
2012 YTD Summary,I11,Aug Revenue,M56,internal
2012 YTD Summary,J11,Sep Revenue ,M56,internal
2012 YTD Summary,K11,Oct Revenue  ,M56,internal
2012 YTD Summary,L11,Nov Revenue   ,M56,internal
2012 YTD Summary,M11,Dec Revenue ,M56,internal
2012 YTD Summary,B12,Daily Census IP 2012,AH6,internal
2012 YTD Summary,C12,Daily Census IP 2012,AH9,internal
2012 YTD Summary,D12,Daily Census IP 2012,AH12,internal
2012 YTD Summary,E12,Daily Census IP 2012,AH15,internal
2012 YTD Summary,F12,Daily Census IP 2012,AH18,internal
2012 YTD Summary,G12,Daily Census IP 2012,AH21,internal
2012 YTD Summary,H12,Daily Census IP 2012,AH24,internal
2012 YTD Summary,I12,Daily Census IP 2012,AH27,internal
2012 YTD Summary,J12,Daily Census IP 2012,AH30,internal
2012 YTD Summary,K12,Daily Census IP 2012,AH33,internal
2012 YTD Summary,L12,Daily Census IP 2012,AH36,internal
2012 YTD Summary,M12,Daily Census IP 2012,AH39,internal
2012 YTD Summary,B13,Staffing January,Z14,internal
2012 YTD Summary,C13,Staffing February,Z14,internal
2012 YTD Summary,D13,Staffing March,Z14,internal
2012 YTD Summary,E13,Staffing April,Z14,internal
2012 YTD Summary,F13,Staffing May,Z14,internal
2012 YTD Summary,G13,Staffing June,Z14,internal
2012 YTD Summary,H13,Staffing July,Z14,internal
2012 YTD Summary,I13,Staffing August,Z14,internal
2012 YTD Summary,J13,Staffing September,Z14,internal
2012 YTD Summary,K13,Staffing October,Z14,internal
2012 YTD Summary,L13,Staffing November,Z14,internal
2012 YTD Summary,M13,Staffing December,Z14,internal
2012 YTD Summary,B14,Jan Revenue  ,M57,internal
2012 YTD Summary,C14,Feb Revenue ,M57,internal
2012 YTD Summary,D14,Mar Revenue  ,M56,internal
2012 YTD Summary,E14,Apr Revenue ,M57,internal
2012 YTD Summary,F14,May Revenue  ,M58,internal
2012 YTD Summary,G14,June Revenue,M57,internal
2012 YTD Summary,H14,July Revenue  ,M57,internal
2012 YTD Summary,I14,Aug Revenue,M57,internal
2012 YTD Summary,J14,Sep Revenue ,M57,internal
2012 YTD Summary,K14,Oct Revenue  ,M57,internal
2012 YTD Summary,L14,Nov Revenue   ,M57,internal
2012 YTD Summary,M14,Dec Revenue ,M57,internal
2012 YTD Summary,B18,Daily Census IOP 2012,A5,internal
2012 YTD Summary,C18,Daily Census IOP 2012,A9,internal
2012 YTD Summary,D18,Daily Census IOP 2012,A13,internal
2012 YTD Summary,E18,Daily Census IOP 2012,A17,internal
2012 YTD Summary,F18,Daily Census IOP 2012,A21,internal
2012 YTD Summary,G18,Daily Census IOP 2012,A25,internal
2012 YTD Summary,H18,Daily Census IOP 2012,A29,internal
2012 YTD Summary,I18,Daily Census IOP 2012,A33,internal
2012 YTD Summary,J18,Daily Census IOP 2012,A37,internal
2012 YTD Summary,K18,Daily Census IOP 2012,A41,internal
2012 YTD Summary,L18,Daily Census IOP 2012,A45,internal
2012 YTD Summary,M18,Daily Census IOP 2012,A49,internal
2012 YTD Summary,B19,Daily Census IOP 2012,AH6,internal
2012 YTD Summary,C19,Daily Census IOP 2012,AH10,internal
2012 YTD Summary,D19,Daily Census IOP 2012,AH14,internal
2012 YTD Summary,E19,Daily Census IOP 2012,AH18,internal
2012 YTD Summary,F19,Daily Census IOP 2012,AH22,internal
2012 YTD Summary,G19,Daily Census IOP 2012,AH26,internal
2012 YTD Summary,H19,Daily Census IOP 2012,AH30,internal
2012 YTD Summary,I19,Daily Census IOP 2012,AH34,internal
2012 YTD Summary,J19,Daily Census IOP 2012,AH38,internal
2012 YTD Summary,K19,Daily Census IOP 2012,AH42,internal
2012 YTD Summary,L19,Daily Census IOP 2012,AH46,internal
2012 YTD Summary,M19,Daily Census IOP 2012,AH50,internal
2012 YTD Summary,B20,Daily Census IOP 2012,AH4,internal
2012 YTD Summary,C20,Daily Census IOP 2012,AH8,internal
2012 YTD Summary,D20,Daily Census IOP 2012,AH12,internal
2012 YTD Summary,E20,Daily Census IOP 2012,AH16,internal
2012 YTD Summary,F20,Daily Census IOP 2012,AH20,internal
2012 YTD Summary,G20,Daily Census IOP 2012,AH24,internal
2012 YTD Summary,H20,Daily Census IOP 2012,AH28,internal
2012 YTD Summary,I20,Daily Census IOP 2012,AH32,internal
2012 YTD Summary,J20,Daily Census IOP 2012,AH36,internal
2012 YTD Summary,K20,Daily Census IOP 2012,AH40,internal
2012 YTD Summary,L20,Daily Census IOP 2012,AH44,internal
2012 YTD Summary,M20,Daily Census IOP 2012,AH48,internal
2012 YTD Summary,B21,Jan IOP 2012 Attend,AJ2,internal
2012 YTD Summary,C21,Feb IOP 2012 Attend ,AI2,internal
2012 YTD Summary,D21,Mar IOP Attend,AK2,internal
2012 YTD Summary,E21,Apr IOP Attend,AJ2,internal
2012 YTD Summary,F21,May IOP Attend,AJ2,internal
2012 YTD Summary,G21,June IOP Attend,AI2,internal
2012 YTD Summary,H21,July IOP Attend,AJ2,internal
2012 YTD Summary,I21,August IOP Attend,AJ2,internal
2012 YTD Summary,J21,Sept IOP Attend,AI2,internal
2012 YTD Summary,K21,Oct IOP Attend,AJ2,internal
2012 YTD Summary,L21,Nov IOP Attend ,AJ2,internal
2012 YTD Summary,M21,Dec IOP Attend,AJ2,internal
2012 YTD Summary,B22,Jan IOP 2012 Attend,B92,internal
2012 YTD Summary,C22,Feb IOP 2012 Attend ,B92,internal
2012 YTD Summary,D22,Mar IOP Attend,B92,internal
2012 YTD Summary,E22,Apr IOP Attend,B108,internal
2012 YTD Summary,F22,May IOP Attend,B126,internal
2012 YTD Summary,G22,June IOP Attend,B148,internal
2012 YTD Summary,H22,July IOP Attend,B82,internal
2012 YTD Summary,I22,August IOP Attend,B90,internal
2012 YTD Summary,J22,Sept IOP Attend,B92,internal
2012 YTD Summary,K22,Oct IOP Attend,B90,internal
2012 YTD Summary,L22,Nov IOP Attend ,B112,internal
2012 YTD Summary,M22,Dec IOP Attend,B112,internal
2012 YTD Summary,B26,Jan IOP 2012 Attend,AJ86,internal
2012 YTD Summary,C26,Feb IOP 2012 Attend ,AI86,internal
2012 YTD Summary,D26,Mar IOP Attend,AK86,internal
2012 YTD Summary,E26,Apr IOP Attend,AJ102,internal
2012 YTD Summary,F26,May IOP Attend,AJ120,internal
2012 YTD Summary,G26,June IOP Attend,AI142,internal
2012 YTD Summary,H26,July IOP Attend,AJ76,internal
2012 YTD Summary,I26,August IOP Attend,AJ84,internal
2012 YTD Summary,B30,Staffing January,AD3,internal
2012 YTD Summary,C30,Staffing February,AD3,internal
2012 YTD Summary,D30,Staffing March,AD3,internal
2012 YTD Summary,E30,Staffing April,AD3,internal
2012 YTD Summary,F30,Staffing May,AD3,internal
2012 YTD Summary,G30,Staffing June,AD3,internal
2012 YTD Summary,H30,Staffing July,AD3,internal
2012 YTD Summary,I30,Staffing August,AD3,internal
2012 YTD Summary,J30,Staffing September,AD3,internal
2012 YTD Summary,K30,Staffing October,AD3,internal
2012 YTD Summary,L30,Staffing November,AD3,internal
2012 YTD Summary,M30,Staffing December,AD3,internal
2012 YTD Summary,B31,Staffing January,AD4,internal
2012 YTD Summary,C31,Staffing February,AD4,internal
2012 YTD Summary,D31,Staffing March,AD4,internal
2012 YTD Summary,E31,Staffing April,AD4,internal
2012 YTD Summary,F31,Staffing May,AD4,internal
2012 YTD Summary,G31,Staffing June,AD4,internal
2012 YTD Summary,H31,Staffing July,AD4,internal
2012 YTD Summary,I31,Staffing August,AD4,internal
2012 YTD Summary,J31,Staffing September,AD4,internal
2012 YTD Summary,K31,Staffing October,AD4,internal
2012 YTD Summary,L31,Staffing November,AD4,internal
2012 YTD Summary,M31,Staffing December,AD4,internal
2012 YTD Summary,B32,Staffing January,AD5,internal
2012 YTD Summary,C32,Staffing February,AD5,internal
2012 YTD Summary,D32,Staffing March,AD5,internal
2012 YTD Summary,E32,Staffing April,AD5,internal
2012 YTD Summary,F32,Staffing May,AD5,internal
2012 YTD Summary,G32,Staffing June,AD5,internal
2012 YTD Summary,H32,Staffing July,AD5,internal
2012 YTD Summary,I32,Staffing August,AD5,internal
2012 YTD Summary,J32,Staffing September,AD5,internal
2012 YTD Summary,K32,Staffing October,AD5,internal
2012 YTD Summary,L32,Staffing November,AD5,internal
2012 YTD Summary,M32,Staffing December,AD5,internal
2012 YTD Summary,B36,Staffing January,B32,internal
2012 YTD Summary,C36,Staffing February,B32,internal
2012 YTD Summary,D36,Staffing March,B32,internal
2012 YTD Summary,E36,Staffing April,B32,internal
2012 YTD Summary,F36,Staffing May,B31,internal
2012 YTD Summary,G36,Staffing June,B31,internal
2012 YTD Summary,H36,Staffing July,B31,internal
2012 YTD Summary,I36,Staffing August,B33,internal
2012 YTD Summary,J36,Staffing September,B33,internal
2012 YTD Summary,K36,Staffing October,B33,internal
2012 YTD Summary,L36,Staffing November,B33,internal
2012 YTD Summary,M36,Staffing December,B33,internal
2012 YTD Summary,B37,Staffing January,B33,internal
2012 YTD Summary,C37,Staffing February,B33,internal
2012 YTD Summary,D37,Staffing March,B33,internal
2012 YTD Summary,E37,Staffing April,B33,internal
2012 YTD Summary,F37,Staffing May,B32,internal
2012 YTD Summary,G37,Staffing June,B32,internal
2012 YTD Summary,H37,Staffing July,B32,internal
2012 YTD Summary,I37,Staffing August,B34,internal
2012 YTD Summary,J37,Staffing September,B34,internal
2012 YTD Summary,K37,Staffing October,B34,internal
2012 YTD Summary,L37,Staffing November,B34,internal
2012 YTD Summary,M37,Staffing December,B34,internal
2012 YTD Summary,B38,Staffing January,B34,internal
2012 YTD Summary,C38,Staffing February,B34,internal
2012 YTD Summary,D38,Staffing March,B34,internal
2012 YTD Summary,E38,Staffing April,B34,internal
2012 YTD Summary,F38,Staffing May,B33,internal
2012 YTD Summary,G38,Staffing June,B33,internal
2012 YTD Summary,H38,Staffing July,B33,internal
2012 YTD Summary,I38,Staffing August,B35,internal
2012 YTD Summary,J38,Staffing September,B35,internal
2012 YTD Summary,K38,Staffing October,B35,internal
2012 YTD Summary,L38,Staffing November,B35,internal
2012 YTD Summary,M38,Staffing December,B35,internal
2012 YTD Summary,B39,Staffing January,B35,internal
2012 YTD Summary,C39,Staffing February,B35,internal
2012 YTD Summary,D39,Staffing March,B35,internal
2012 YTD Summary,E39,Staffing April,B35,internal
2012 YTD Summary,F39,Staffing May,B34,internal
2012 YTD Summary,G39,Staffing June,B34,internal
2012 YTD Summary,H39,Staffing July,B34,internal
2012 YTD Summary,I39,Staffing August,B36,internal
2012 YTD Summary,J39,Staffing September,B36,internal
2012 YTD Summary,K39,Staffing October,B36,internal
2012 YTD Summary,L39,Staffing November,B36,internal
2012 YTD Summary,M39,Staffing December,B36,internal
2012 YTD Summary,B40,Staffing January,B36,internal
2012 YTD Summary,C40,Staffing February,B36,internal
2012 YTD Summary,D40,Staffing March,B36,internal
2012 YTD Summary,E40,Staffing April,B36,internal
2012 YTD Summary,F40,Staffing May,B35,internal
2012 YTD Summary,G40,Staffing June,B35,internal
2012 YTD Summary,H40,Staffing July,B35,internal
2012 YTD Summary,I40,Staffing August,B35,internal
2012 YTD Summary,J40,Staffing September,B37,internal
2012 YTD Summary,K40,Staffing October,B37,internal
2012 YTD Summary,L40,Staffing November,B37,internal
2012 YTD Summary,M40,Staffing December,B37,internal
2012 YTD Summary,B41,Staffing January,B37,internal
2012 YTD Summary,C41,Staffing February,B37,internal
2012 YTD Summary,D41,Staffing March,B37,internal
2012 YTD Summary,E41,Staffing April,B37,internal
2012 YTD Summary,F41,Staffing May,B36,internal
2012 YTD Summary,G41,Staffing June,B36,internal
2012 YTD Summary,H41,Staffing July,B36,internal
2012 YTD Summary,I41,Staffing August,B36,internal
2012 YTD Summary,J41,Staffing September,B38,internal
2012 YTD Summary,K41,Staffing October,B38,internal
2012 YTD Summary,L41,Staffing November,B38,internal
2012 YTD Summary,M41,Staffing December,B38,internal
2012 YTD Summary,B45,Staffing January,X13,internal
2012 YTD Summary,C45,Staffing February,X13,internal
2012 YTD Summary,D45,Staffing March,X13,internal
2012 YTD Summary,E45,Staffing April,X13,internal
2012 YTD Summary,F45,Staffing May,X13,internal
2012 YTD Summary,G45,Staffing June,X13,internal
2012 YTD Summary,H45,Staffing July,X13,internal
2012 YTD Summary,I45,Staffing August,X13,internal
2012 YTD Summary,J45,Staffing September,X13,internal
2012 YTD Summary,K45,Staffing October,X13,internal
2012 YTD Summary,L45,Staffing November,X13,internal
2012 YTD Summary,M45,Staffing December,X13,internal
2012 YTD Summary,B46,Staffing January,Z13,internal
2012 YTD Summary,C46,Staffing February,Z13,internal
2012 YTD Summary,D46,Staffing March,Z13,internal
2012 YTD Summary,E46,Staffing April,Z13,internal
2012 YTD Summary,F46,Staffing May,Z13,internal
2012 YTD Summary,G46,Staffing June,Z13,internal
2012 YTD Summary,H46,Staffing July,Z13,internal
2012 YTD Summary,I46,Staffing August,Z13,internal
2012 YTD Summary,J46,Staffing September,Z13,internal
2012 YTD Summary,K46,Staffing October,Z13,internal
2012 YTD Summary,L46,Staffing November,Z13,internal
2012 YTD Summary,M46,Staffing December,Z13,internal
2012 YTD Summary,B47,Staffing January,AD13,internal
2012 YTD Summary,C47,Staffing February,AD13,internal
2012 YTD Summary,D47,Staffing March,AD13,internal
2012 YTD Summary,E47,Staffing April,AD13,internal
2012 YTD Summary,F47,Staffing May,AD13,internal
2012 YTD Summary,G47,Staffing June,AD13,internal
2012 YTD Summary,H47,Staffing July,AD13,internal
2012 YTD Summary,I47,Staffing August,AD13,internal
2012 YTD Summary,J47,Staffing September,AD13,internal
2012 YTD Summary,K47,Staffing October,AD13,internal
2012 YTD Summary,L47,Staffing November,AD13,internal
2012 YTD Summary,M47,Staffing December,AD13,internal
2012 YTD Summary,B48,Staffing January,AB13,internal
2012 YTD Summary,C48,Staffing February,AB13,internal
2012 YTD Summary,D48,Staffing March,AB13,internal
2012 YTD Summary,E48,Staffing April,AB13,internal
2012 YTD Summary,F48,Staffing May,AB13,internal
2012 YTD Summary,G48,Staffing June,AB13,internal
2012 YTD Summary,H48,Staffing July,AB13,internal
2012 YTD Summary,I48,Staffing August,AB13,internal
2012 YTD Summary,J48,Staffing September,AB13,internal
2012 YTD Summary,K48,Staffing October,AB13,internal
2012 YTD Summary,L48,Staffing November,AB13,internal
2012 YTD Summary,M48,Staffing December,AB13,internal
2012 YTD Summary,B52,Admissions,D37,internal
2012 YTD Summary,C52,Admissions,K37,internal
2012 YTD Summary,D52,Admissions,D72,internal
2012 YTD Summary,E52,Admissions,K72,internal
2012 YTD Summary,F52,Admissions,D108,internal
2012 YTD Summary,G52,Admissions,K108,internal
2012 YTD Summary,H52,Admissions,D144,internal
2012 YTD Summary,I52,Admissions,K144,internal
2012 YTD Summary,B53,Admissions,E37,internal
2012 YTD Summary,C53,Admissions,L37,internal
2012 YTD Summary,D53,Admissions,E72,internal
2012 YTD Summary,E53,Admissions,L72,internal
2012 YTD Summary,F53,Admissions,E108,internal
2012 YTD Summary,G53,Admissions,L108,internal
2012 YTD Summary,H53,Admissions,E144,internal
2012 YTD Summary,I53,Admissions,L144,internal
2012 YTD Summary,B54,Admissions,F37,internal
2012 YTD Summary,C54,Admissions,M37,internal
2012 YTD Summary,D54,Admissions,F72,internal
2012 YTD Summary,E54,Admissions,M72,internal
2012 YTD Summary,F54,Admissions,F108,internal
2012 YTD Summary,G54,Admissions,M108,internal
2012 YTD Summary,H54,Admissions,F144,internal
2012 YTD Summary,I54,Admissions,M144,internal
Aug Revenue,AC3,Staffing July,O18,internal
Aug Revenue,AC4,Staffing August,K1,internal
Aug Revenue,J56,Daily Census IP 2012,AH26,internal
Aug Revenue,A57,Daily Census IP 2012,AH27,internal
Aug Revenue,C57,Daily Census IP 2012,A46,internal
Budget vs Actual,G3,Daily Census IP 2012,A2,internal
Budget vs Actual,E4,2012 YTD Summary,B12,internal
Budget vs Actual,E5,2012 YTD Summary,C12,internal
Budget vs Actual,E6,2012 YTD Summary,D12,internal
Budget vs Actual,E7,2012 YTD Summary,E12,internal
Budget vs Actual,E8,2012 YTD Summary,F12,internal
Budget vs Actual,E9,2012 YTD Summary,G12,internal
Budget vs Actual,E10,2012 YTD Summary,H12,internal
Budget vs Actual,E11,2012 YTD Summary,I12,internal
Budget vs Actual,E12,2012 YTD Summary,J12,internal
Budget vs Actual,E13,2012 YTD Summary,K12,internal
Budget vs Actual,E14,2012 YTD Summary,L12,internal
Budget vs Actual,E15,2012 YTD Summary,M12,internal
Budget vs Actual,E18,2012 YTD Summary,B22,internal
Budget vs Actual,E19,2012 YTD Summary,C22,internal
Budget vs Actual,E20,2012 YTD Summary,D22,internal
Budget vs Actual,E21,2012 YTD Summary,E22,internal
Budget vs Actual,E22,2012 YTD Summary,F22,internal
Budget vs Actual,E23,2012 YTD Summary,G22,internal
Budget vs Actual,E24,2012 YTD Summary,H22,internal
Budget vs Actual,E25,2012 YTD Summary,I22,internal
Budget vs Actual,E26,2012 YTD Summary,J22,internal
Budget vs Actual,E27,2012 YTD Summary,K22,internal
Budget vs Actual,E28,2012 YTD Summary,L22,internal
Budget vs Actual,E29,2012 YTD Summary,M22,internal
Admissions,A3,2012 YTD Summary,B4,internal
Admissions,H3,2012 YTD Summary,C4,internal
Admissions,A41,2012 YTD Summary,D4,internal
Admissions,H41,2012 YTD Summary,E4,internal
Admissions,A76,2012 YTD Summary,F4,internal
Admissions,H76,2012 YTD Summary,G4,internal
Admissions,A112,2012 YTD Summary,H4,internal
Admissions,H112,2012 YTD Summary,I4,internal
Admissions,A148,2012 YTD Summary,J4,internal
Admissions,H148,2012 YTD Summary,K4,internal
Admissions,A184,2012 YTD Summary,L4,internal
Admissions,H184,2012 YTD Summary,M4,internal
Staffing August,U2,Daily Census IP 2012,G43,internal
Staffing August,AF8,Daily Census IP 2012,A46,internal
Staffing August,AF12,Daily Census IP 2012,A49,internal
Staffing August,AB14,2012 YTD Summary,O13,internal
Staffing August,AE14,2012 YTD Summary,O33,internal
Staffing August,G18,Daily Census IP 2012,AH26,internal
Staffing August,M18,Daily Census IP 2012,AI25,internal
Staffing August,O18,Daily Census IP 2012,A2,internal
Staffing August,C19,Daily Census IP 2012,B25,internal
Staffing August,D19,Daily Census IP 2012,C25,internal
Staffing August,E19,Daily Census IP 2012,D25,internal
Staffing August,F19,Daily Census IP 2012,E25,internal
Staffing August,G19,Daily Census IP 2012,F25,internal
Staffing August,H19,Daily Census IP 2012,G25,internal
Staffing August,I19,Daily Census IP 2012,H25,internal
Staffing August,J19,Daily Census IP 2012,I25,internal
Staffing August,K19,Daily Census IP 2012,J25,internal
Staffing August,L19,Daily Census IP 2012,K25,internal
Staffing August,M19,Daily Census IP 2012,L25,internal
Staffing August,N19,Daily Census IP 2012,M25,internal
Staffing August,O19,Daily Census IP 2012,N25,internal
Staffing August,P19,Daily Census IP 2012,O25,internal
Staffing August,Q19,Daily Census IP 2012,P25,internal
Staffing August,R19,Daily Census IP 2012,Q25,internal
Staffing August,S19,Daily Census IP 2012,R25,internal
Staffing August,T19,Daily Census IP 2012,S25,internal
Staffing August,U19,Daily Census IP 2012,T25,internal
Staffing August,V19,Daily Census IP 2012,U25,internal
Staffing August,W19,Daily Census IP 2012,V25,internal
Staffing August,X19,Daily Census IP 2012,W25,internal
Staffing August,Y19,Daily Census IP 2012,X25,internal
Staffing August,Z19,Daily Census IP 2012,Y25,internal
Staffing August,AA19,Daily Census IP 2012,Z25,internal
Staffing August,AB19,Daily Census IP 2012,AA25,internal
Staffing August,AC19,Daily Census IP 2012,AB25,internal
Staffing August,AD19,Daily Census IP 2012,AC25,internal
Staffing August,AE19,Daily Census IP 2012,AD25,internal
Staffing August,AF19,Daily Census IP 2012,AE25,internal
Staffing August,AG19,Daily Census IP 2012,AF25,internal
Daily Census IP 2012,AH13,Apr Revenue ,J57,internal
Daily Census IP 2012,AH16,May Revenue  ,J58,internal
Daily Census IP 2012,AH19,June Revenue,J57,internal
Daily Census IP 2012,AH22,July Revenue  ,J57,internal
Daily Census IP 2012,AH25,Aug Revenue,J57,internal
Daily Census IP 2012,AH28,Sep Revenue ,J60,internal
Daily Census IP 2012,AH31,Oct Revenue  ,J60,internal
Daily Census IP 2012,AH34,Nov Revenue   ,J60,internal
Daily Census IP 2012,AH37,Dec Revenue ,J60,internal
Daily Census IP 2012,AH41,2012 YTD Summary,N7,internal
Daily Census IP 2012,AI41,2012 YTD Summary,N6,internal
Daily Census IP 2012,AH43,2012 YTD Summary,O12,internal
Daily Census IOP 2012,A1,Daily Census IP 2012,A2,internal
August IOP Attend,A1,Jan IOP 2012 Attend,A1:AJ1,internal
August IOP Attend,B84,Staffing August,K1,internal
August IOP Attend,C87,Daily Census IP 2012,A2,internal
August IOP Attend,C90,Daily Census IP 2012,A53,internal
Ancil Invoices,I2,Daily Census IP 2012,A2,internal
Ancil Invoices,G6,2012 YTD Summary,B9,internal
Ancil Invoices,L6,2012 YTD Summary,C9,internal
Ancil Invoices,G7,2012 YTD Summary,B9,internal
Ancil Invoices,L7,2012 YTD Summary,C9,internal
Ancil Invoices,G8,2012 YTD Summary,B9,internal
Ancil Invoices,L8,2012 YTD Summary,C9,internal
Ancil Invoices,G9,2012 YTD Summary,B27,internal
Ancil Invoices,L9,2012 YTD Summary,C27,internal
Ancil Invoices,G20,2012 YTD Summary,D9,internal
Ancil Invoices,L20,2012 YTD Summary,E9,internal
Ancil Invoices,G21,2012 YTD Summary,D9,internal
Ancil Invoices,L21,2012 YTD Summary,E9,internal
Ancil Invoices,G22,2012 YTD Summary,D9,internal
Ancil Invoices,L22,2012 YTD Summary,E9,internal
Ancil Invoices,G23,2012 YTD Summary,D27,internal
Ancil Invoices,L23,2012 YTD Summary,E27,internal
Ancil Invoices,G34,2012 YTD Summary,F9,internal
Ancil Invoices,L34,2012 YTD Summary,G9,internal
Ancil Invoices,G35,2012 YTD Summary,F9,internal
Ancil Invoices,L35,2012 YTD Summary,G9,internal
Ancil Invoices,G36,2012 YTD Summary,F9,internal
Ancil Invoices,L36,2012 YTD Summary,G9,internal
Ancil Invoices,G37,2012 YTD Summary,F27,internal
Ancil Invoices,L37,2012 YTD Summary,G27,internal
Ancil Invoices,I53,Daily Census IP 2012,A2,internal
Ancil Invoices,G57,2012 YTD Summary,H9,internal
Ancil Invoices,L57,2012 YTD Summary,I9,internal
Ancil Invoices,G58,2012 YTD Summary,H9,internal
Ancil Invoices,L58,2012 YTD Summary,I9,internal
Ancil Invoices,G59,2012 YTD Summary,H9,internal
Ancil Invoices,L59,2012 YTD Summary,I9,internal
Ancil Invoices,G60,2012 YTD Summary,H26,internal
Ancil Invoices,L60,2012 YTD Summary,I26,internal
Ancil Invoices,G71,2012 YTD Summary,J9,internal
Ancil Invoices,L71,2012 YTD Summary,K9,internal
Ancil Invoices,G72,2012 YTD Summary,J9,internal
Ancil Invoices,L72,2012 YTD Summary,K9,internal
Ancil Invoices,G73,2012 YTD Summary,J9,internal
Ancil Invoices,L73,2012 YTD Summary,K9,internal
Ancil Invoices,G74,2012 YTD Summary,J26,internal
Ancil Invoices,L74,2012 YTD Summary,K26,internal
Ancil Invoices,G85,2012 YTD Summary,L9,internal
Ancil Invoices,L85,2012 YTD Summary,M9,internal
Ancil Invoices,G86,2012 YTD Summary,L9,internal
Ancil Invoices,L86,2012 YTD Summary,M9,internal
Ancil Invoices,G87,2012 YTD Summary,L9,internal
Ancil Invoices,L87,2012 YTD Summary,M9,internal
Ancil Invoices,G88,2012 YTD Summary,L26,internal
Ancil Invoices,L88,2012 YTD Summary,M26,internal
Staffing January,U2,Daily Census IP 2012,G43,internal
Staffing January,AF8,Daily Census IP 2012,A46,internal
Staffing January,AF12,Daily Census IP 2012,A49,internal
Staffing January,AB14,2012 YTD Summary,O13,internal
Staffing January,AE14,2012 YTD Summary,O33,internal
Staffing January,G18,Daily Census IP 2012,AH5,internal
Staffing January,M18,Daily Census IP 2012,AI4,internal
Staffing January,O18,Daily Census IP 2012,A2,internal
Staffing January,C19,Daily Census IP 2012,B4,internal
Staffing January,D19,Daily Census IP 2012,C4,internal
Staffing January,E19,Daily Census IP 2012,D4,internal
Staffing January,F19,Daily Census IP 2012,E4,internal
Staffing January,G19,Daily Census IP 2012,F4,internal
Staffing January,H19,Daily Census IP 2012,G4,internal
Staffing January,I19,Daily Census IP 2012,H4,internal
Staffing January,J19,Daily Census IP 2012,I4,internal
Staffing January,K19,Daily Census IP 2012,J4,internal
Staffing January,L19,Daily Census IP 2012,K4,internal
Staffing January,M19,Daily Census IP 2012,L4,internal
Staffing January,N19,Daily Census IP 2012,M4,internal
Staffing January,O19,Daily Census IP 2012,N4,internal
Staffing January,P19,Daily Census IP 2012,O4,internal
Staffing January,Q19,Daily Census IP 2012,P4,internal
Staffing January,R19,Daily Census IP 2012,Q4,internal
Staffing January,S19,Daily Census IP 2012,R4,internal
Staffing January,T19,Daily Census IP 2012,S4,internal
Staffing January,U19,Daily Census IP 2012,T4,internal
Staffing January,V19,Daily Census IP 2012,U4,internal
Staffing January,W19,Daily Census IP 2012,V4,internal
Staffing January,X19,Daily Census IP 2012,W4,internal
Staffing January,Y19,Daily Census IP 2012,X4,internal
Staffing January,Z19,Daily Census IP 2012,Y4,internal
Staffing January,AA19,Daily Census IP 2012,Z4,internal
Staffing January,AB19,Daily Census IP 2012,AA4,internal
Staffing January,AC19,Daily Census IP 2012,AB4,internal
Staffing January,AD19,Daily Census IP 2012,AC4,internal
Staffing January,AE19,Daily Census IP 2012,AD4,internal
Staffing January,AF19,Daily Census IP 2012,AE4,internal
Staffing January,AG19,Daily Census IP 2012,AF4,internal
Staffing February,U2,Daily Census IP 2012,G43,internal
Staffing February,AF8,Daily Census IP 2012,A46,internal
Staffing February,AF12,Daily Census IP 2012,A49,internal
Staffing February,AB14,2012 YTD Summary,O13,internal
Staffing February,AE14,2012 YTD Summary,O33,internal
Staffing February,G18,Daily Census IP 2012,AH8,internal
Staffing February,M18,Daily Census IP 2012,AI7,internal
Staffing February,O18,Daily Census IP 2012,A2,internal
Staffing February,C19,Daily Census IP 2012,B7,internal
Staffing February,D19,Daily Census IP 2012,C7,internal
Staffing February,E19,Daily Census IP 2012,D7,internal
Staffing February,F19,Daily Census IP 2012,E7,internal
Staffing February,G19,Daily Census IP 2012,F7,internal
Staffing February,H19,Daily Census IP 2012,G7,internal
Staffing February,I19,Daily Census IP 2012,H7,internal
Staffing February,J19,Daily Census IP 2012,I7,internal
Staffing February,K19,Daily Census IP 2012,J7,internal
Staffing February,L19,Daily Census IP 2012,K7,internal
Staffing February,M19,Daily Census IP 2012,L7,internal
Staffing February,N19,Daily Census IP 2012,M7,internal
Staffing February,O19,Daily Census IP 2012,N7,internal
Staffing February,P19,Daily Census IP 2012,O7,internal
Staffing February,Q19,Daily Census IP 2012,P7,internal
Staffing February,R19,Daily Census IP 2012,Q7,internal
Staffing February,S19,Daily Census IP 2012,R7,internal
Staffing February,T19,Daily Census IP 2012,S7,internal
Staffing February,U19,Daily Census IP 2012,T7,internal
Staffing February,V19,Daily Census IP 2012,U7,internal
Staffing February,W19,Daily Census IP 2012,V7,internal
Staffing February,X19,Daily Census IP 2012,W7,internal
Staffing February,Y19,Daily Census IP 2012,X7,internal
Staffing February,Z19,Daily Census IP 2012,Y7,internal
Staffing February,AA19,Daily Census IP 2012,Z7,internal
Staffing February,AB19,Daily Census IP 2012,AA7,internal
Staffing February,AC19,Daily Census IP 2012,AB7,internal
Staffing February,AD19,Daily Census IP 2012,AC7,internal
Staffing February,AE19,Daily Census IP 2012,AD7,internal
Staffing March,U2,Daily Census IP 2012,G43,internal
Staffing March,AF8,Daily Census IP 2012,A46,internal
Staffing March,AF12,Daily Census IP 2012,A49,internal
Staffing March,AB14,2012 YTD Summary,O13,internal
Staffing March,AE14,2012 YTD Summary,O33,internal
Staffing March,G18,Daily Census IP 2012,AH11,internal
Staffing March,M18,Daily Census IP 2012,AI10,internal
Staffing March,O18,Daily Census IP 2012,A2,internal
Staffing March,C19,Daily Census IP 2012,B10,internal
Staffing March,D19,Daily Census IP 2012,C10,internal
Staffing March,E19,Daily Census IP 2012,D10,internal
Staffing March,F19,Daily Census IP 2012,E10,internal
Staffing March,G19,Daily Census IP 2012,F10,internal
Staffing March,H19,Daily Census IP 2012,G10,internal
Staffing March,I19,Daily Census IP 2012,H10,internal
Staffing March,J19,Daily Census IP 2012,I10,internal
Staffing March,K19,Daily Census IP 2012,J10,internal
Staffing March,L19,Daily Census IP 2012,K10,internal
Staffing March,M19,Daily Census IP 2012,L10,internal
Staffing March,N19,Daily Census IP 2012,M10,internal
Staffing March,O19,Daily Census IP 2012,N10,internal
Staffing March,P19,Daily Census IP 2012,O10,internal
Staffing March,Q19,Daily Census IP 2012,P10,internal
Staffing March,R19,Daily Census IP 2012,Q10,internal
Staffing March,S19,Daily Census IP 2012,R10,internal
Staffing March,T19,Daily Census IP 2012,S10,internal
Staffing March,U19,Daily Census IP 2012,T10,internal
Staffing March,V19,Daily Census IP 2012,U10,internal
Staffing March,W19,Daily Census IP 2012,V10,internal
Staffing March,X19,Daily Census IP 2012,W10,internal
Staffing March,Y19,Daily Census IP 2012,X10,internal
Staffing March,Z19,Daily Census IP 2012,Y10,internal
Staffing March,AA19,Daily Census IP 2012,Z10,internal
Staffing March,AB19,Daily Census IP 2012,AA10,internal
Staffing March,AC19,Daily Census IP 2012,AB10,internal
Staffing March,AD19,Daily Census IP 2012,AC10,internal
Staffing March,AE19,Daily Census IP 2012,AD10,internal
Staffing March,AF19,Daily Census IP 2012,AE10,internal
Staffing March,AG19,Daily Census IP 2012,AF10,internal
Staffing April,U2,Daily Census IP 2012,G43,internal
Staffing April,AF8,Daily Census IP 2012,A46,internal
Staffing April,AF12,Daily Census IP 2012,A49,internal
Staffing April,AB14,2012 YTD Summary,O13,internal
Staffing April,AE14,2012 YTD Summary,O33,internal
Staffing April,G18,Daily Census IP 2012,AH14,internal
Staffing April,M18,Daily Census IP 2012,AI13,internal
Staffing April,O18,Daily Census IP 2012,A2,internal
Staffing April,C19,Daily Census IP 2012,B13,internal
Staffing April,D19,Daily Census IP 2012,C13,internal
Staffing April,E19,Daily Census IP 2012,D13,internal
Staffing April,F19,Daily Census IP 2012,E13,internal
Staffing April,G19,Daily Census IP 2012,F13,internal
Staffing April,H19,Daily Census IP 2012,G13,internal
Staffing April,I19,Daily Census IP 2012,H13,internal
Staffing April,J19,Daily Census IP 2012,I13,internal
Staffing April,K19,Daily Census IP 2012,J13,internal
Staffing April,L19,Daily Census IP 2012,K13,internal
Staffing April,M19,Daily Census IP 2012,L13,internal
Staffing April,N19,Daily Census IP 2012,M13,internal
Staffing April,O19,Daily Census IP 2012,N13,internal
Staffing April,P19,Daily Census IP 2012,O13,internal
Staffing April,Q19,Daily Census IP 2012,P13,internal
Staffing April,R19,Daily Census IP 2012,Q13,internal
Staffing April,S19,Daily Census IP 2012,R13,internal
Staffing April,T19,Daily Census IP 2012,S13,internal
Staffing April,U19,Daily Census IP 2012,T13,internal
Staffing April,V19,Daily Census IP 2012,U13,internal
Staffing April,W19,Daily Census IP 2012,V13,internal
Staffing April,X19,Daily Census IP 2012,W13,internal
Staffing April,Y19,Daily Census IP 2012,X13,internal
Staffing April,Z19,Daily Census IP 2012,Y13,internal
Staffing April,AA19,Daily Census IP 2012,Z13,internal
Staffing April,AB19,Daily Census IP 2012,AA13,internal
Staffing April,AC19,Daily Census IP 2012,AB13,internal
Staffing April,AD19,Daily Census IP 2012,AC13,internal
Staffing April,AE19,Daily Census IP 2012,AD13,internal
Staffing April,AF19,Daily Census IP 2012,AE13,internal
Staffing May,U2,Daily Census IP 2012,G43,internal
Staffing May,AF8,Daily Census IP 2012,A46,internal
Staffing May,AF12,Daily Census IP 2012,A49,internal
Staffing May,AB14,2012 YTD Summary,O13,internal
Staffing May,AE14,2012 YTD Summary,O33,internal
Staffing May,G18,Daily Census IP 2012,AH17,internal
Staffing May,M18,Daily Census IP 2012,AI16,internal
Staffing May,O18,Daily Census IP 2012,A2,internal
Staffing May,C19,Daily Census IP 2012,B16,internal
Staffing May,D19,Daily Census IP 2012,C16,internal
Staffing May,E19,Daily Census IP 2012,D16,internal
Staffing May,F19,Daily Census IP 2012,E16,internal
Staffing May,G19,Daily Census IP 2012,F16,internal
Staffing May,H19,Daily Census IP 2012,G16,internal
Staffing May,I19,Daily Census IP 2012,H16,internal
Staffing May,J19,Daily Census IP 2012,I16,internal
Staffing May,K19,Daily Census IP 2012,J16,internal
Staffing May,L19,Daily Census IP 2012,K16,internal
Staffing May,M19,Daily Census IP 2012,L16,internal
Staffing May,N19,Daily Census IP 2012,M16,internal
Staffing May,O19,Daily Census IP 2012,N16,internal
Staffing May,P19,Daily Census IP 2012,O16,internal
Staffing May,Q19,Daily Census IP 2012,P16,internal
Staffing May,R19,Daily Census IP 2012,Q16,internal
Staffing May,S19,Daily Census IP 2012,R16,internal
Staffing May,T19,Daily Census IP 2012,S16,internal
Staffing May,U19,Daily Census IP 2012,T16,internal
Staffing May,V19,Daily Census IP 2012,U16,internal
Staffing May,W19,Daily Census IP 2012,V16,internal
Staffing May,X19,Daily Census IP 2012,W16,internal
Staffing May,Y19,Daily Census IP 2012,X16,internal
Staffing May,Z19,Daily Census IP 2012,Y16,internal
Staffing May,AA19,Daily Census IP 2012,Z16,internal
Staffing May,AB19,Daily Census IP 2012,AA16,internal
Staffing May,AC19,Daily Census IP 2012,AB16,internal
Staffing May,AD19,Daily Census IP 2012,AC16,internal
Staffing May,AE19,Daily Census IP 2012,AD16,internal
Staffing May,AF19,Daily Census IP 2012,AE16,internal
Staffing May,AG19,Daily Census IP 2012,AF16,internal
Staffing June,U2,Daily Census IP 2012,G43,internal
Staffing June,AF8,Daily Census IP 2012,A46,internal
Staffing June,AF12,Daily Census IP 2012,A49,internal
Staffing June,AB14,2012 YTD Summary,O13,internal
Staffing June,AE14,2012 YTD Summary,O33,internal
Staffing June,G18,Daily Census IP 2012,AH20,internal
Staffing June,M18,Daily Census IP 2012,AI19,internal
Staffing June,O18,Daily Census IP 2012,A2,internal
Staffing June,C19,Daily Census IP 2012,B19,internal
Staffing June,D19,Daily Census IP 2012,C19,internal
Staffing June,E19,Daily Census IP 2012,D19,internal
Staffing June,F19,Daily Census IP 2012,E19,internal
Staffing June,G19,Daily Census IP 2012,F19,internal
Staffing June,H19,Daily Census IP 2012,G19,internal
Staffing June,I19,Daily Census IP 2012,H19,internal
Staffing June,J19,Daily Census IP 2012,I19,internal
Staffing June,K19,Daily Census IP 2012,J19,internal
Staffing June,L19,Daily Census IP 2012,K19,internal
Staffing June,M19,Daily Census IP 2012,L19,internal
Staffing June,N19,Daily Census IP 2012,M19,internal
Staffing June,O19,Daily Census IP 2012,N19,internal
Staffing June,P19,Daily Census IP 2012,O19,internal
Staffing June,Q19,Daily Census IP 2012,P19,internal
Staffing June,R19,Daily Census IP 2012,Q19,internal
Staffing June,S19,Daily Census IP 2012,R19,internal
Staffing June,T19,Daily Census IP 2012,S19,internal
Staffing June,U19,Daily Census IP 2012,T19,internal
Staffing June,V19,Daily Census IP 2012,U19,internal
Staffing June,W19,Daily Census IP 2012,V19,internal
Staffing June,X19,Daily Census IP 2012,W19,internal
Staffing June,Y19,Daily Census IP 2012,X19,internal
Staffing June,Z19,Daily Census IP 2012,Y19,internal
Staffing June,AA19,Daily Census IP 2012,Z19,internal
Staffing June,AB19,Daily Census IP 2012,AA19,internal
Staffing June,AC19,Daily Census IP 2012,AB19,internal
Staffing June,AD19,Daily Census IP 2012,AC19,internal
Staffing June,AE19,Daily Census IP 2012,AD19,internal
Staffing June,AF19,Daily Census IP 2012,AE19,internal
Staffing July,U2,Daily Census IP 2012,G43,internal
Staffing July,AF8,Daily Census IP 2012,A46,internal
Staffing July,AF12,Daily Census IP 2012,A49,internal
Staffing July,AB14,2012 YTD Summary,O13,internal
Staffing July,AE14,2012 YTD Summary,O33,internal
Staffing July,G18,Daily Census IP 2012,AH23,internal
Staffing July,M18,Daily Census IP 2012,AI22,internal
Staffing July,O18,Daily Census IP 2012,A2,internal
Staffing July,C19,Daily Census IP 2012,B22,internal
Staffing July,D19,Daily Census IP 2012,C22,internal
Staffing July,E19,Daily Census IP 2012,D22,internal
Staffing July,F19,Daily Census IP 2012,E22,internal
Staffing July,G19,Daily Census IP 2012,F22,internal
Staffing July,H19,Daily Census IP 2012,G22,internal
Staffing July,I19,Daily Census IP 2012,H22,internal
Staffing July,J19,Daily Census IP 2012,I22,internal
Staffing July,K19,Daily Census IP 2012,J22,internal
Staffing July,L19,Daily Census IP 2012,K22,internal
Staffing July,M19,Daily Census IP 2012,L22,internal
Staffing July,N19,Daily Census IP 2012,M22,internal
Staffing July,O19,Daily Census IP 2012,N22,internal
Staffing July,P19,Daily Census IP 2012,O22,internal
Staffing July,Q19,Daily Census IP 2012,P22,internal
Staffing July,R19,Daily Census IP 2012,Q22,internal
Staffing July,S19,Daily Census IP 2012,R22,internal
Staffing July,T19,Daily Census IP 2012,S22,internal
Staffing July,U19,Daily Census IP 2012,T22,internal
Staffing July,V19,Daily Census IP 2012,U22,internal
Staffing July,W19,Daily Census IP 2012,V22,internal
Staffing July,X19,Daily Census IP 2012,W22,internal
Staffing July,Y19,Daily Census IP 2012,X22,internal
Staffing July,Z19,Daily Census IP 2012,Y22,internal
Staffing July,AA19,Daily Census IP 2012,Z22,internal
Staffing July,AB19,Daily Census IP 2012,AA22,internal
Staffing July,AC19,Daily Census IP 2012,AB22,internal
Staffing July,AD19,Daily Census IP 2012,AC22,internal
Staffing July,AE19,Daily Census IP 2012,AD22,internal
Staffing July,AF19,Daily Census IP 2012,AE22,internal
Staffing July,AG19,Daily Census IP 2012,AF22,internal
Staffing September,U2,Daily Census IP 2012,G43,internal
Staffing September,AF8,Daily Census IP 2012,A46,internal
Staffing September,AF12,Daily Census IP 2012,A49,internal
Staffing September,AB14,2012 YTD Summary,O13,internal
Staffing September,AE14,2012 YTD Summary,O33,internal
Staffing September,G18,Daily Census IP 2012,AH29,internal
Staffing September,M18,Daily Census IP 2012,AI25,internal
Staffing September,O18,Daily Census IP 2012,A2,internal
Staffing September,C19,Daily Census IP 2012,B28,internal
Staffing September,D19,Daily Census IP 2012,C28,internal
Staffing September,E19,Daily Census IP 2012,D28,internal
Staffing September,F19,Daily Census IP 2012,E28,internal
Staffing September,G19,Daily Census IP 2012,F28,internal
Staffing September,H19,Daily Census IP 2012,G28,internal
Staffing September,I19,Daily Census IP 2012,H28,internal
Staffing September,J19,Daily Census IP 2012,I28,internal
Staffing September,K19,Daily Census IP 2012,J28,internal
Staffing September,L19,Daily Census IP 2012,K28,internal
Staffing September,M19,Daily Census IP 2012,L28,internal
Staffing September,N19,Daily Census IP 2012,M28,internal
Staffing September,O19,Daily Census IP 2012,N28,internal
Staffing September,P19,Daily Census IP 2012,O28,internal
Staffing September,Q19,Daily Census IP 2012,P28,internal
Staffing September,R19,Daily Census IP 2012,Q28,internal
Staffing September,S19,Daily Census IP 2012,R28,internal
Staffing September,T19,Daily Census IP 2012,S28,internal
Staffing September,U19,Daily Census IP 2012,T28,internal
Staffing September,V19,Daily Census IP 2012,U28,internal
Staffing September,W19,Daily Census IP 2012,V28,internal
Staffing September,X19,Daily Census IP 2012,W28,internal
Staffing September,Y19,Daily Census IP 2012,X28,internal
Staffing September,Z19,Daily Census IP 2012,Y28,internal
Staffing September,AA19,Daily Census IP 2012,Z28,internal
Staffing September,AB19,Daily Census IP 2012,AA28,internal
Staffing September,AC19,Daily Census IP 2012,AB28,internal
Staffing September,AD19,Daily Census IP 2012,AC28,internal
Staffing September,AE19,Daily Census IP 2012,AD28,internal
Staffing September,AF19,Daily Census IP 2012,AE28,internal
Staffing October,U2,Daily Census IP 2012,G43,internal
Staffing October,AF8,Daily Census IP 2012,A46,internal
Staffing October,AF12,Daily Census IP 2012,A49,internal
Staffing October,AB14,2012 YTD Summary,O13,internal
Staffing October,AE14,2012 YTD Summary,O33,internal
Staffing October,G18,Daily Census IP 2012,AH32,internal
Staffing October,M18,Daily Census IP 2012,AI31,internal
Staffing October,O18,Daily Census IP 2012,A2,internal
Staffing October,C19,Daily Census IP 2012,B31,internal
Staffing October,D19,Daily Census IP 2012,C31,internal
Staffing October,E19,Daily Census IP 2012,D31,internal
Staffing October,F19,Daily Census IP 2012,E31,internal
Staffing October,G19,Daily Census IP 2012,F31,internal
Staffing October,H19,Daily Census IP 2012,G31,internal
Staffing October,I19,Daily Census IP 2012,H31,internal
Staffing October,J19,Daily Census IP 2012,I31,internal
Staffing October,K19,Daily Census IP 2012,J31,internal
Staffing October,L19,Daily Census IP 2012,K31,internal
Staffing October,M19,Daily Census IP 2012,L31,internal
Staffing October,N19,Daily Census IP 2012,M31,internal
Staffing October,O19,Daily Census IP 2012,N31,internal
Staffing October,P19,Daily Census IP 2012,O31,internal
Staffing October,Q19,Daily Census IP 2012,P31,internal
Staffing October,R19,Daily Census IP 2012,Q31,internal
Staffing October,S19,Daily Census IP 2012,R31,internal
Staffing October,T19,Daily Census IP 2012,S31,internal
Staffing October,U19,Daily Census IP 2012,T31,internal
Staffing October,V19,Daily Census IP 2012,U31,internal
Staffing October,W19,Daily Census IP 2012,V31,internal
Staffing October,X19,Daily Census IP 2012,W31,internal
Staffing October,Y19,Daily Census IP 2012,X31,internal
Staffing October,Z19,Daily Census IP 2012,Y31,internal
Staffing October,AA19,Daily Census IP 2012,Z31,internal
Staffing October,AB19,Daily Census IP 2012,AA31,internal
Staffing October,AC19,Daily Census IP 2012,AB31,internal
Staffing October,AD19,Daily Census IP 2012,AC31,internal
Staffing October,AE19,Daily Census IP 2012,AD31,internal
Staffing October,AF19,Daily Census IP 2012,AE31,internal
Staffing October,AG19,Daily Census IP 2012,AF31,internal
Staffing November,U2,Daily Census IP 2012,G43,internal
Staffing November,AF8,Daily Census IP 2012,A46,internal
Staffing November,AF12,Daily Census IP 2012,A49,internal
Staffing November,AB14,2012 YTD Summary,O13,internal
Staffing November,AE14,2012 YTD Summary,O33,internal
Staffing November,G18,Daily Census IP 2012,AH35,internal
Staffing November,M18,Daily Census IP 2012,AI34,internal
Staffing November,O18,Daily Census IP 2012,A2,internal
Staffing November,C19,Daily Census IP 2012,B34,internal
Staffing November,D19,Daily Census IP 2012,C34,internal
Staffing November,E19,Daily Census IP 2012,D34,internal
Staffing November,F19,Daily Census IP 2012,E34,internal
Staffing November,G19,Daily Census IP 2012,F34,internal
Staffing November,H19,Daily Census IP 2012,G34,internal
Staffing November,I19,Daily Census IP 2012,H34,internal
Staffing November,J19,Daily Census IP 2012,I34,internal
Staffing November,K19,Daily Census IP 2012,J34,internal
Staffing November,L19,Daily Census IP 2012,K34,internal
Staffing November,M19,Daily Census IP 2012,L34,internal
Staffing November,N19,Daily Census IP 2012,M34,internal
Staffing November,O19,Daily Census IP 2012,N34,internal
Staffing November,P19,Daily Census IP 2012,O34,internal
Staffing November,Q19,Daily Census IP 2012,P34,internal
Staffing November,R19,Daily Census IP 2012,Q34,internal
Staffing November,S19,Daily Census IP 2012,R34,internal
Staffing November,T19,Daily Census IP 2012,S34,internal
Staffing November,U19,Daily Census IP 2012,T34,internal
Staffing November,V19,Daily Census IP 2012,U34,internal
Staffing November,W19,Daily Census IP 2012,V34,internal
Staffing November,X19,Daily Census IP 2012,W34,internal
Staffing November,Y19,Daily Census IP 2012,X34,internal
Staffing November,Z19,Daily Census IP 2012,Y34,internal
Staffing November,AA19,Daily Census IP 2012,Z34,internal
Staffing November,AB19,Daily Census IP 2012,AA34,internal
Staffing November,AC19,Daily Census IP 2012,AB34,internal
Staffing November,AD19,Daily Census IP 2012,AC34,internal
Staffing November,AE19,Daily Census IP 2012,AD34,internal
Staffing November,AF19,Daily Census IP 2012,AE34,internal
Staffing December,U2,Daily Census IP 2012,G43,internal
Staffing December,AF8,Daily Census IP 2012,A46,internal
Staffing December,AF12,Daily Census IP 2012,A49,internal
Staffing December,AB14,2012 YTD Summary,O13,internal
Staffing December,AE14,2012 YTD Summary,O33,internal
Staffing December,G18,Daily Census IP 2012,AH38,internal
Staffing December,M18,Daily Census IP 2012,AI37,internal
Staffing December,O18,Daily Census IP 2012,A2,internal
Staffing December,C19,Daily Census IP 2012,B37,internal
Staffing December,D19,Daily Census IP 2012,C37,internal
Staffing December,E19,Daily Census IP 2012,D37,internal
Staffing December,F19,Daily Census IP 2012,E37,internal
Staffing December,G19,Daily Census IP 2012,F37,internal
Staffing December,H19,Daily Census IP 2012,G37,internal
Staffing December,I19,Daily Census IP 2012,H37,internal
Staffing December,J19,Daily Census IP 2012,I37,internal
Staffing December,K19,Daily Census IP 2012,J37,internal
Staffing December,L19,Daily Census IP 2012,K37,internal
Staffing December,M19,Daily Census IP 2012,L37,internal
Staffing December,N19,Daily Census IP 2012,M37,internal
Staffing December,O19,Daily Census IP 2012,N37,internal
Staffing December,P19,Daily Census IP 2012,O37,internal
Staffing December,Q19,Daily Census IP 2012,P37,internal
Staffing December,R19,Daily Census IP 2012,Q37,internal
Staffing December,S19,Daily Census IP 2012,R37,internal
Staffing December,T19,Daily Census IP 2012,S37,internal
Staffing December,U19,Daily Census IP 2012,T37,internal
Staffing December,V19,Daily Census IP 2012,U37,internal
Staffing December,W19,Daily Census IP 2012,V37,internal
Staffing December,X19,Daily Census IP 2012,W37,internal
Staffing December,Y19,Daily Census IP 2012,X37,internal
Staffing December,Z19,Daily Census IP 2012,Y37,internal
Staffing December,AA19,Daily Census IP 2012,Z37,internal
Staffing December,AB19,Daily Census IP 2012,AA37,internal
Staffing December,AC19,Daily Census IP 2012,AB37,internal
Staffing December,AD19,Daily Census IP 2012,AC37,internal
Staffing December,AE19,Daily Census IP 2012,AD37,internal
Staffing December,AF19,Daily Census IP 2012,AE37,internal
Staffing December,AG19,Daily Census IP 2012,AF37,internal
Jan Revenue  ,AA3,Staffing July,O18,internal
Jan Revenue  ,AA4,Staffing January,K1,internal
Jan Revenue  ,J56,Daily Census IP 2012,AH5,internal
Jan Revenue  ,A57,Daily Census IP 2012,AH6,internal
Jan Revenue  ,C57,Daily Census IP 2012,A49,internal
Feb Revenue ,AA3,Staffing July,O18,internal
Feb Revenue ,AA4,Staffing February,K1,internal
Feb Revenue ,J56,Daily Census IP 2012,AH8,internal
Feb Revenue ,A57,Daily Census IP 2012,AH9,internal
Feb Revenue ,C57,Daily Census IP 2012,A46,internal
Mar Revenue  ,AA3,Staffing July,O18,internal
Mar Revenue  ,AA4,Staffing March,K1,internal
Mar Revenue  ,J55,Daily Census IP 2012,AH11,internal
Mar Revenue  ,A56,Daily Census IP 2012,AH12,internal
Mar Revenue  ,C56,Daily Census IP 2012,A46,internal
Apr Revenue ,AA3,Staffing July,O18,internal
Apr Revenue ,AA4,Staffing April,K1,internal
Apr Revenue ,J56,Daily Census IP 2012,AH14,internal
Apr Revenue ,A57,Daily Census IP 2012,AH15,internal
Apr Revenue ,C57,Daily Census IP 2012,A46,internal
May Revenue  ,AA3,Staffing July,O18,internal
May Revenue  ,AA4,Staffing May,K1,internal
May Revenue  ,J57,Daily Census IP 2012,AH17,internal
May Revenue  ,A58,Daily Census IP 2012,AH18,internal
May Revenue  ,C58,Daily Census IP 2012,A46,internal
June Revenue,AC3,Staffing July,O18,internal
June Revenue,AC4,Staffing June,K1,internal
June Revenue,J56,Daily Census IP 2012,AH20,internal
June Revenue,A57,Daily Census IP 2012,AH21,internal
June Revenue,C57,Daily Census IP 2012,A46,internal
July Revenue  ,AC3,Staffing July,O18,internal
July Revenue  ,AC4,Staffing July,K1,internal
July Revenue  ,J56,Daily Census IP 2012,AH23,internal
July Revenue  ,A57,Daily Census IP 2012,AH24,internal
July Revenue  ,C57,Daily Census IP 2012,A46,internal
Sep Revenue ,AA3,Staffing July,O18,internal
Sep Revenue ,AA4,Staffing September,K1,internal
Sep Revenue ,J59,Daily Census IP 2012,AH29,internal
Sep Revenue ,A60,Daily Census IP 2012,AH30,internal
Sep Revenue ,C60,Daily Census IP 2012,A49,internal
Oct Revenue  ,AA3,Staffing July,O18,internal
Oct Revenue  ,AA4,Staffing October,K1,internal
Oct Revenue  ,J59,Daily Census IP 2012,AH32,internal
Oct Revenue  ,A60,Daily Census IP 2012,AH33,internal
Oct Revenue  ,C60,Daily Census IP 2012,A49,internal
Nov Revenue   ,AA3,Staffing July,O18,internal
Nov Revenue   ,AA4,Staffing November,K1,internal
Nov Revenue   ,J59,Daily Census IP 2012,AH35,internal
Nov Revenue   ,A60,Daily Census IP 2012,AH36,internal
Nov Revenue   ,C60,Daily Census IP 2012,A49,internal
Dec Revenue ,AA3,Staffing July,O18,internal
Dec Revenue ,AA4,Staffing December,K1,internal
Dec Revenue ,J59,Daily Census IP 2012,AH38,internal
Dec Revenue ,A60,Daily Census IP 2012,AH39,internal
Dec Revenue ,C60,Daily Census IP 2012,A49,internal
Jan IOP 2012 Attend,B86,Staffing January,K1,internal
Jan IOP 2012 Attend,C89,Daily Census IP 2012,A2,internal
Jan IOP 2012 Attend,C92,Daily Census IP 2012,A51,internal
Feb IOP 2012 Attend ,A1,Jan IOP 2012 Attend,A1:AJ1,internal
Feb IOP 2012 Attend ,B86,Staffing February,K1,internal
Feb IOP 2012 Attend ,C89,Daily Census IP 2012,A2,internal
Feb IOP 2012 Attend ,C92,Daily Census IP 2012,A51,internal
Mar IOP Attend,A1,Jan IOP 2012 Attend,A1:AJ1,internal
Mar IOP Attend,B86,Staffing March,K1,internal
Mar IOP Attend,C89,Daily Census IP 2012,A2,internal
Mar IOP Attend,C92,Daily Census IP 2012,A51,internal
Apr IOP Attend,A1,Jan IOP 2012 Attend,A1:AJ1,internal
Apr IOP Attend,B102,Staffing April,K1,internal
Apr IOP Attend,C105,Daily Census IP 2012,A2,internal
Apr IOP Attend,C108,Daily Census IP 2012,A51,internal
May IOP Attend,A1,Jan IOP 2012 Attend,A1:AJ1,internal
May IOP Attend,B120,Staffing May,K1,internal
May IOP Attend,C123,Daily Census IP 2012,A2,internal
May IOP Attend,C126,Daily Census IP 2012,A51,internal
June IOP Attend,A1,Jan IOP 2012 Attend,A1:AJ1,internal
June IOP Attend,B142,Staffing June,K1,internal
June IOP Attend,C145,Daily Census IP 2012,A2,internal
June IOP Attend,C148,Daily Census IP 2012,A51,internal
July IOP Attend,A1,Jan IOP 2012 Attend,A1:AJ1,internal
July IOP Attend,B76,Staffing July,K1,internal
July IOP Attend,C79,Daily Census IP 2012,A2,internal
July IOP Attend,C82,Daily Census IP 2012,A53,internal
Sept IOP Attend,A1,Jan IOP 2012 Attend,A1:AJ1,internal
Sept IOP Attend,B86,Staffing September,K1,internal
Sept IOP Attend,C89,Daily Census IP 2012,A2,internal
Sept IOP Attend,C92,Daily Census IP 2012,A53,internal
Oct IOP Attend,A1,Jan IOP 2012 Attend,A1:AJ1,internal
Oct IOP Attend,B84,Staffing October,K1,internal
Oct IOP Attend,C87,Daily Census IP 2012,A2,internal
Oct IOP Attend,C90,Daily Census IP 2012,A53,internal
Nov IOP Attend ,A1,Jan IOP 2012 Attend,A1:AJ1,internal
Nov IOP Attend ,B106,Staffing November,K1,internal
Nov IOP Attend ,C109,Daily Census IP 2012,A2,internal
Nov IOP Attend ,C112,Daily Census IP 2012,A53,internal
Dec IOP Attend,A1,Jan IOP 2012 Attend,A1:AJ1,internal
Dec IOP Attend,B106,Staffing December,K1,internal
Dec IOP Attend,C109,Daily Census IP 2012,A2,internal
Dec IOP Attend,C112,Daily Census IP 2012,A53,internal
