feature_id,function,source_workbook_label,legacy_workflow,source_feature_cell,workbook_sheets,workbook_recorded_status,workbook_caveats,records,rules,user_workflow,code_refs,code_paths,code_status,runtime_status,gap,acceptance_ids,existing_test_paths,phase,dependencies
F01,Navigation and instructions,Navigation and instructions,"W07,W13",FEATURE_MAP!A5:J5,INDEX; README; FEATURE_MAP,IMPLEMENTED - baseline verified,"INDEX provides navigation/purpose/review columns; the planned per-sheet owner, cadence and dependency registry is not fully structured.",D01; D17,N01,"User navigates to input, exception and report views with return/context links",C01,packages/domain-contracts/src/revOps.ts; packages/case-repository/src/revOpsGateway.ts; app/src/workspaces/RevOps.tsx,PARTIAL_REUSE,NOT_RERUN,Workbook navigation exists; application-wide role/task navigation and metric drill-down require design,AT01,tests/unit/rev-ops-calendar.test.ts; tests/unit/rev-ops-month-close.test.ts; tests/integration/rev-ops.test.ts,P0,
F02,Patient and encounter identities,Patient and encounter identities,"W01,W02",FEATURE_MAP!A6:J6,PATIENTS; ENCOUNTERS,"IMPLEMENTED: unique IDs, admission detail and editable admission-age snapshots",Admission-age snapshots are editable synthetic inputs; source identity verification and immutable correction history are not established by the workbook.,D02; D03; D19,N02,"Admissions owner links identity, records/readmits encounter and reviews corrections",C05,packages/domain-contracts/src/episode.ts; packages/domain-contracts/src/utilizationReview.ts; packages/case-repository/src/episodePersistenceGateway.ts,PARTIAL_REUSE,NOT_RERUN,"No restored admission-detail adapter, admission snapshot UI or event-to-RevOps join",AT02,tests/integration/s2-episode-persistence.test.ts; tests/unit/episode-utilization-contracts.test.ts,P1,X01; X02
F03,Admissions geography,Admissions geography,W01,FEATURE_MAP!A7:J7,ENCOUNTERS; STATE_MIX,IMPLEMENTED - baseline verified,"STATE_MIX explicitly reports admissions, patient-days and patient-day share; admissions share is not a separate output.",D03; D17,N03,Operations reviews state-at-admission counts including Unknown,C05,packages/domain-contracts/src/episode.ts; packages/domain-contracts/src/utilizationReview.ts; packages/case-repository/src/episodePersistenceGateway.ts,ADJACENT_ONLY,NOT_RERUN,Geographic admission snapshot and report absent,AT03,tests/integration/s2-episode-persistence.test.ts; tests/unit/episode-utilization-contracts.test.ts,P1,F02
F04,Daily census and patient-days,Daily census and patient-days,W02,FEATURE_MAP!A8:J8,INPATIENT; ENCOUNTERS; COVERAGE,IMPLEMENTED - baseline verified,"Encounter/census/service-ledger reconciliation is implemented, but service-ledger rows remain separately maintained; changing an encounter date does not regenerate its service rows.",D03; D04; D19,N04; N05,Census owner compares observed daily count with episode-derived count and resolves differences,C01; C02; C05,packages/domain-contracts/src/revOps.ts; packages/case-repository/src/revOpsGateway.ts; app/src/workspaces/RevOps.tsx; packages/rev-ops-service/src/index.ts; packages/rev-ops-service/src/reconciliation.ts; packages/domain-contracts/src/episode.ts; packages/domain-contracts/src/utilizationReview.ts; packages/case-repository/src/episodePersistenceGateway.ts,PARTIAL_REUSE,NOT_RERUN,Current count source is aggregate; discharge/transfer rules and event projection unresolved,AT04; AT35,tests/unit/rev-ops-calendar.test.ts; tests/unit/rev-ops-month-close.test.ts; tests/integration/rev-ops.test.ts; tests/integration/s2-episode-persistence.test.ts; tests/unit/episode-utilization-contracts.test.ts,P1,F02; X02; X03
F05,"Monthly admissions, discharges, ADC and occupancy","Monthly admissions, discharges, ADC and occupancy","W02,W13",FEATURE_MAP!A9:J9,MONTHLY; DASHBOARD; SETUP; COVERAGE,IMPLEMENTED - baseline verified,,D03; D04; D17,N06,"Leader reviews admissions, discharges, weighted ADC and capacity-adjusted occupancy",C02; C05,packages/rev-ops-service/src/index.ts; packages/rev-ops-service/src/reconciliation.ts; packages/domain-contracts/src/episode.ts; packages/domain-contracts/src/utilizationReview.ts; packages/case-repository/src/episodePersistenceGateway.ts,PARTIAL_REUSE,NOT_RERUN,Aggregate comparisons exist; capacity history and full census statistics absent,AT05,tests/unit/rev-ops-calendar.test.ts; tests/unit/rev-ops-month-close.test.ts; tests/integration/rev-ops.test.ts; tests/integration/s2-episode-persistence.test.ts; tests/unit/episode-utilization-contracts.test.ts,P1,F04
F06,Length of stay,Length of stay,"W02,W05",FEATURE_MAP!A10:J10,ENCOUNTERS; MONTHLY,IMPLEMENTED - baseline verified,,D03; D17,N07,Operations reviews completed discharge cohort separately from ongoing stays,C05,packages/domain-contracts/src/episode.ts; packages/domain-contracts/src/utilizationReview.ts; packages/case-repository/src/episodePersistenceGateway.ts,ADJACENT_ONLY,NOT_RERUN,Completed-cohort ALOS and open-stay views absent,AT06,tests/integration/s2-episode-persistence.test.ts; tests/unit/episode-utilization-contracts.test.ts,P1,F02; F04
F07,Patient-month revenue view,Patient-month revenue view,W05,FEATURE_MAP!A11:J11,SERVICE_LEDGER; ENCOUNTERS; MONTHLY,IMPLEMENTED - baseline verified,"Amounts are modeled allowances from fictional contracts, not claim-adjudicated or recognized revenue; encounter corrections require corresponding service-ledger maintenance.",D06; D07; D08,N08; N12,Finance reviews encounter-month service contribution and modeled allowance,C05; C06,packages/domain-contracts/src/episode.ts; packages/domain-contracts/src/utilizationReview.ts; packages/case-repository/src/episodePersistenceGateway.ts; packages/domain-contracts/src/benefits.ts; packages/benefits-service/src/benefitsCommandService.ts,ADJACENT_ONLY,NOT_RERUN,Service valuation and patient-month estimate not in RevOps; workbook detail does not automatically rebuild after encounter edits,AT07; AT35,tests/integration/s2-episode-persistence.test.ts; tests/unit/episode-utilization-contracts.test.ts; tests/integration/benefits-command-service.test.ts; tests/workflow/benefits.test.ts,P3,F02; F04; F10
F08,Benefit day types and interrupted stays,Benefit day types and interrupted stays,"W05,W06",FEATURE_MAP!A12:J12,ENCOUNTERS; SERVICE_LEDGER; BENEFIT_REVIEW; BENEFITS_REFERENCE,PARTIAL: illustrative bands and episode fields; actual history/interruption rules unresolved,"Actual benefit history, reserve-day usage and interrupted-stay adjudication remain unresolved; synthetic bands and episode fields are illustrative.",D03; D09; D23,N09; N10,Qualified benefits/UR reviewer confirms prior benefit history and interruption linkage,C05; C06,packages/domain-contracts/src/episode.ts; packages/domain-contracts/src/utilizationReview.ts; packages/case-repository/src/episodePersistenceGateway.ts; packages/domain-contracts/src/benefits.ts; packages/benefits-service/src/benefitsCommandService.ts,ADJACENT_ONLY,NOT_RERUN,Workbook bands illustrative; actual benefit history and interruption applicability unresolved,AT08,tests/integration/s2-episode-persistence.test.ts; tests/unit/episode-utilization-contracts.test.ts; tests/integration/benefits-command-service.test.ts; tests/workflow/benefits.test.ts,P3,F02; F30
F09,Indigent and charity distinctions,Indigent and charity distinctions,"W05,W06",FEATURE_MAP!A13:J13,ENCOUNTERS; ASSISTANCE; SERVICE_LEDGER,"PARTIAL: gross, adjustment memo and patient-share fields restored; actual patient share/evidence Unknown","Gross, signed charity-adjustment memo and supplied patient-share fields exist; actual patient liability, assistance policy and supporting evidence remain Unknown.",D08; D10,N11,"Finance reviews assistance classification, signed adjustments and evidence for patient share",C06,packages/domain-contracts/src/benefits.ts; packages/benefits-service/src/benefitsCommandService.ts,ADJACENT_ONLY,NOT_RERUN,Workbook fields exist; verified charity/eligibility/patient liability calculation absent,AT09,tests/integration/benefits-command-service.test.ts; tests/workflow/benefits.test.ts,P3,F07; F08
F10,Extensible payer contracts and methods,Extensible payer contracts and methods,W07,FEATURE_MAP!A14:J14,PAYERS; SERVICES; CONTRACT_RATES; PAYER_ACTIVITY; SETUP,IMPLEMENTED - baseline verified,Contract rows are extensible and effective dated; applied rates are fictional. Complete facility-specific Medicare/Medicaid pricing and commercial contract adjudication are not implemented.,D01; D07; D23,N12; N13; N14,"Finance adds payer/plan/service contract version, resolves overlap and approves applicability",C01; C04,packages/domain-contracts/src/revOps.ts; packages/case-repository/src/revOpsGateway.ts; app/src/workspaces/RevOps.tsx; packages/rev-ops-service/src/customFields.ts; app/src/workspaces/RevOpsFields.tsx,ADJACENT_ONLY,NOT_RERUN,Payer identity differs from contract and payment method; no runtime rate engine,AT10; AT36,tests/unit/rev-ops-calendar.test.ts; tests/unit/rev-ops-month-close.test.ts; tests/integration/rev-ops.test.ts; tests/unit/rev-ops-xlsx.test.ts; tests/unit/rev-ops-fields.test.ts,P3,X01; F26; F30
F11,Payer utilization mix,Payer utilization mix,"W06,W10",FEATURE_MAP!A15:J15,PAYER_MIX; MONTHLY,IMPLEMENTED: known payer mix and explicit Unknown utilization bucket; unresolved prices remain unvalued,Unknown payer utilization is now separately visible; unresolved prices remain unvalued. Definition R-20 retains stale wording that the Unknown-payer workflow is unresolved.,D06; D07; D08; D17,N15,Finance reconciles payer utilization to all source units and resolves Unknown payer,C02; C05,packages/rev-ops-service/src/index.ts; packages/rev-ops-service/src/reconciliation.ts; packages/domain-contracts/src/episode.ts; packages/domain-contracts/src/utilizationReview.ts; packages/case-repository/src/episodePersistenceGateway.ts,ADJACENT_ONLY,NOT_RERUN,Aggregate import planner does not implement payer-day allocation or mix; payer identity is required but pricing approval is not a dependency of utilization counts; priced overlay depends on F07,AT11; AT37,tests/unit/rev-ops-calendar.test.ts; tests/unit/rev-ops-month-close.test.ts; tests/integration/rev-ops.test.ts; tests/integration/s2-episode-persistence.test.ts; tests/unit/episode-utilization-contracts.test.ts,P3,F04; F15
F12,UR and physician workflow,UR and physician workflow,W06,FEATURE_MAP!A16:J16,UR_PAYER; ENCOUNTERS,"IMPLEMENTED: encounter UR dates, outcome reasons and status units; native validation pending","UR review dates/reasons/status units are encounter inputs; the workbook does not establish source-authoritative payer decisions or an IOP visit-level authorization lifecycle.; The feature row retains a pending label; PRESSURE_TEST reports later native validation, but that prior mutation proof is not rebound to the current hash.",D03; D09; D24,N16,UR owner records source review date/reason and reconciles submitted status units,C05; C06,packages/domain-contracts/src/episode.ts; packages/domain-contracts/src/utilizationReview.ts; packages/case-repository/src/episodePersistenceGateway.ts; packages/domain-contracts/src/benefits.ts; packages/benefits-service/src/benefitsCommandService.ts,ADJACENT_ONLY,NOT_RERUN,Episode authorization foundations exist; workbook operating UR/physician report not connected,AT12,tests/integration/s2-episode-persistence.test.ts; tests/unit/episode-utilization-contracts.test.ts; tests/integration/benefits-command-service.test.ts; tests/workflow/benefits.test.ts,P3,F02; F26
F13,IOP enrollment and pipeline,IOP enrollment and pipeline,W03,FEATURE_MAP!A17:J17,IOP_ROSTER; IOP; IOP_VISITS,"IMPLEMENTED: roster, ended pending episodes and explicit attendance; native validation pending","Enrollment/status/pending end dates exist; treatment-plan frequency history, source orders and explicit inpatient-to-IOP step-down relationships are absent.; The feature row retains a pending label; PRESSURE_TEST reports later native validation, but that prior mutation proof is not rebound to the current hash.",D02; D05; D06,N17; N18,"IOP director reviews enrollment/pending pipeline, frequency changes and enrollment end",C08; C09,packages/domain-contracts/src/iopReconciliation.ts; packages/domain-contracts/src/iopReconciliationImport.ts; app/src/workspaces/IopReconciliation.tsx; app/src/App.tsx; packages/domain-contracts/src/iopPersistence.ts; packages/api-service/src/iopReconciliationRoutes.ts; packages/case-repository/src/iopReconciliationGateway.ts; packages/api-service/src/server.ts; packages/api-service/src/devMain.ts; prisma/schema.prisma; prisma/migrations/20260908000100_iop_reconciliation_persistence/migration.sql,PARTIAL_REUSE,NOT_RERUN,Synthetic enrollment/plan refs exist; enrollment lifecycle/schedule/step-down editing absent,AT13,tests/unit/iop-reconciliation-sample.test.ts; tests/unit/iop-reconciliation-import.test.ts; app/src/workspaces/IopReconciliation.test.tsx; tests/unit/iop-persistence-contracts.test.ts; tests/integration/iop-reconciliation-persistence.test.ts,P2,X01; X02
F14,IOP monthly attendance grid,IOP monthly attendance grid,"W03,W04",FEATURE_MAP!A18:J18,IOP_ROSTER; IOP_VISITS; IOP_GRID,"IMPLEMENTED: attendance grid, monthly E/X counts and roster detail; native validation pending","Grid/E-X markers and attendance counts exist; structured expected schedules and compliance against prescribed plan versions are absent.; The feature row retains a pending label; PRESSURE_TEST reports later native validation, but that prior mutation proof is not rebound to the current hash.",D05; D06,N18; N19,"Program user reviews calendar states, entries/exits, scheduled visits and attendance",C08,packages/domain-contracts/src/iopReconciliation.ts; packages/domain-contracts/src/iopReconciliationImport.ts; app/src/workspaces/IopReconciliation.tsx; app/src/App.tsx,PARTIAL_REUSE,NOT_RERUN,No production attendance grid or controlled writeback; local JSON preview is separate,AT14,tests/unit/iop-reconciliation-sample.test.ts; tests/unit/iop-reconciliation-import.test.ts; app/src/workspaces/IopReconciliation.test.tsx,P2,F13
F15,"IOP sessions, participant units and patient-days","IOP sessions, participant units and billable days",W04,FEATURE_MAP!A19:J19,IOP_VISITS; IOP_SESSIONS; SESSION_ATTENDANCE; IOP,"IMPLEMENTED: delivered, non-group, group, session and patient-day counts; native validation pending","Sessions, attendance links, participant units, total/non-group services and modeled billable days exist; therapist note audit and charge-slip/EMR reconciliation records are absent.; The feature row retains a pending label; PRESSURE_TEST reports later native validation, but that prior mutation proof is not rebound to the current hash.",D06; D22,N20,"Director reconciles sessions, participant services, group/non-group units and patient-days",C08; C09,packages/domain-contracts/src/iopReconciliation.ts; packages/domain-contracts/src/iopReconciliationImport.ts; app/src/workspaces/IopReconciliation.tsx; app/src/App.tsx; packages/domain-contracts/src/iopPersistence.ts; packages/api-service/src/iopReconciliationRoutes.ts; packages/case-repository/src/iopReconciliationGateway.ts; packages/api-service/src/server.ts; packages/api-service/src/devMain.ts; prisma/schema.prisma; prisma/migrations/20260908000100_iop_reconciliation_persistence/migration.sql,PARTIAL_REUSE,NOT_RERUN,IOP link reconciliation exists; complete operational counts and payment eligibility distinct; X04 documentation/charge review is a separate overlay and never blocks valid operational counts,AT15,tests/unit/iop-reconciliation-sample.test.ts; tests/unit/iop-reconciliation-import.test.ts; app/src/workspaces/IopReconciliation.test.tsx; tests/unit/iop-persistence-contracts.test.ts; tests/integration/iop-reconciliation-persistence.test.ts,P2,F13; F14
F16,IOP meals and payable attendance,IOP meals and payable attendance,"W04,W11",FEATURE_MAP!A20:J20,IOP_VISITS; IOP; ANCILLARY,IMPLEMENTED - baseline verified,Payable meals are explicit synthetic quantities; actual payer/vendor meal eligibility policy is not evidenced.,D06; D14,N21,Program/finance reviews delivered and nonpayable meals against source visits,C08,packages/domain-contracts/src/iopReconciliation.ts; packages/domain-contracts/src/iopReconciliationImport.ts; app/src/workspaces/IopReconciliation.tsx; app/src/App.tsx,ADJACENT_ONLY,NOT_RERUN,No meal/payment-quantity model; workbook arithmetic is not contract approval,AT16,tests/unit/iop-reconciliation-sample.test.ts; tests/unit/iop-reconciliation-import.test.ts; app/src/workspaces/IopReconciliation.test.tsx,P2,F14; F15
F17,Role-level staffing detail,Role-level staffing detail,W08,FEATURE_MAP!A21:J21,STAFF_DETAIL; STAFF_STANDARDS; STAFFING,IMPLEMENTED - baseline verified,,D11; D17; D19,N22,Staffing owner enters/imports role-level disjoint hours and resolves corrections,C01; C07,packages/domain-contracts/src/revOps.ts; packages/case-repository/src/revOpsGateway.ts; app/src/workspaces/RevOps.tsx; packages/rev-ops-service/src/index.ts; packages/api-service/src/revOpsExport.ts,PARTIAL_REUSE,NOT_RERUN,Current single daily-hours metric lacks role/category ledger and staffing upload reconciliation,AT17,tests/unit/rev-ops-calendar.test.ts; tests/unit/rev-ops-month-close.test.ts; tests/integration/rev-ops.test.ts; tests/unit/rev-ops-export.test.ts,P4,F04; F26; X02
F18,Daily staffing budgets and rolling variance,Daily staffing budgets and rolling variance,W08,FEATURE_MAP!A22:J22,STAFFING; STAFF_REPORT; STAFF_STANDARDS; BUDGET,IMPLEMENTED - baseline verified,Staff standards are flat within effective periods; no approved census-band staffing policy is inferred.,D11; D12; D13; D17,N23; N24,"Staffing leader reviews target contributors, hours variance and seven-day trend",C07,packages/domain-contracts/src/revOps.ts; packages/rev-ops-service/src/index.ts; packages/case-repository/src/revOpsGateway.ts; packages/api-service/src/revOpsExport.ts,PARTIAL_REUSE,NOT_RERUN,"Census-times-hours target exists; fixed/role/banded budgets and rolling window need reconciliation; use the P3 D13 budget-definition foundation, not completed F21 comparisons",AT18; AT36,tests/unit/rev-ops-month-close.test.ts; tests/unit/rev-ops-export.test.ts,P4,F17; F26; X01
F19,Agency and one-to-one costs,Agency and one-to-one costs,W09,FEATURE_MAP!A23:J23,STAFF_DETAIL; STAFF_REPORT; MONTHLY,IMPLEMENTED - baseline verified,One-to-one memo cost uses regular wage; actual allocation of overlapping agency and one-to-one hours/cost remains unresolved.,D11; D12,N25; N26,Finance reviews effective agency/one-to-one cost and subset disclosures,C07,packages/domain-contracts/src/revOps.ts; packages/rev-ops-service/src/index.ts; packages/case-repository/src/revOpsGateway.ts; packages/api-service/src/revOpsExport.ts,ADJACENT_ONLY,NOT_RERUN,No wage/rate or labor-cost engine; avoid adding subset cost twice,AT19,tests/unit/rev-ops-month-close.test.ts; tests/unit/rev-ops-export.test.ts,P4,F17; F26
F20,"Training, PTO and productive-hour definitions","Training, PTO and productive-hour definitions","W08,W09",FEATURE_MAP!A24:J24,STAFFING; MONTHLY,IMPLEMENTED - baseline verified,,D04; D11; D17,N22; N27,Staffing owner classifies PTO/training and reviews productive HPPD,C07,packages/domain-contracts/src/revOps.ts; packages/rev-ops-service/src/index.ts; packages/case-repository/src/revOpsGateway.ts; packages/api-service/src/revOpsExport.ts,PARTIAL_REUSE,NOT_RERUN,Approved hours definition exists; productive categories and HPPD not implemented,AT20,tests/unit/rev-ops-month-close.test.ts; tests/unit/rev-ops-export.test.ts,P4,F04; F17; F26
F21,Revenue/labor budget comparisons,Revenue/labor budget comparisons,W12,FEATURE_MAP!A25:J25,BUDGET; MONTHLY; DASHBOARD; SETUP,IMPLEMENTED - baseline verified,Budgets and uniformly phased comparisons exist; workbook inputs do not provide an authenticated approval/version history.,D08; D11; D13; D17,N28; N29,Finance approves compatible program/unit budgets and reviews full/phased variances,C02; C07,packages/rev-ops-service/src/index.ts; packages/rev-ops-service/src/reconciliation.ts; packages/domain-contracts/src/revOps.ts; packages/case-repository/src/revOpsGateway.ts; packages/api-service/src/revOpsExport.ts,PARTIAL_REUSE,NOT_RERUN,"Current budget counts remain separate from staffing target calculation; no revenue/labor dollar budget; P3 defines compatible budgets, revenue comparison needs F07, and full labor comparison completes after F17-F20 in P4",AT21; AT38,tests/unit/rev-ops-calendar.test.ts; tests/unit/rev-ops-month-close.test.ts; tests/integration/rev-ops.test.ts; tests/unit/rev-ops-export.test.ts,P4,X01; F26; F07; F17; F18; F19; F20
F22,Ancillary invoices and lease separation,Ancillary invoices and lease separation,W11,FEATURE_MAP!A26:J26,ANCILLARY; INVOICES; MONTHLY,IMPLEMENTED - baseline verified,"Estimated ancillary, invoice adjustments/payments and lease separation exist; real vendor-contract and invoice source reconciliation is not evidenced.",D06; D11; D14,N30,"Finance reconciles service invoice quantities, fixed fees, lease, credits and payments",C01; C03,packages/domain-contracts/src/revOps.ts; packages/case-repository/src/revOpsGateway.ts; app/src/workspaces/RevOps.tsx; packages/api-service/src/revOpsImport.ts; packages/api-service/src/revOpsXlsx.ts; packages/api-service/src/revOpsExport.ts,ADJACENT_ONLY,NOT_RERUN,No ancillary/AP workflow; receipt-export pattern is not vendor invoice generation,AT22,tests/unit/rev-ops-calendar.test.ts; tests/unit/rev-ops-month-close.test.ts; tests/integration/rev-ops.test.ts; tests/unit/rev-ops-xlsx.test.ts; tests/unit/rev-ops-fields.test.ts,P5,F04; F16; F19
F23,Collections and reconciliation to balances,Collections and reconciliation to balances,EXTENSION,FEATURE_MAP!A27:J27,COLLECTIONS; RECEIPT_ALLOCATIONS; ENCOUNTERS; MONTHLY,IMPLEMENTED - baseline verified,Cash receipts and service-month allocations are separate from modeled allowance; modeled outstanding is not authoritative billed accounts receivable. Editable workbook history does not establish immutable receipt/correction history.,D08; D15,N31,"Finance imports posted receipts, allocates/reverses cash and reviews modeled outstanding",C02; C03,packages/rev-ops-service/src/index.ts; packages/rev-ops-service/src/reconciliation.ts; packages/api-service/src/revOpsImport.ts; packages/api-service/src/revOpsXlsx.ts; packages/api-service/src/revOpsExport.ts,MISSING,NOT_RERUN,No cash/allocation workflow; forecast/collections placeholders remain null,AT23,tests/unit/rev-ops-calendar.test.ts; tests/unit/rev-ops-month-close.test.ts; tests/integration/rev-ops.test.ts; tests/unit/rev-ops-xlsx.test.ts; tests/unit/rev-ops-fields.test.ts,P5,F07; X02
F24,Forecast separate from actuals,Forecast separate from actuals,EXTENSION,FEATURE_MAP!A28:J28,FORECAST; MONTHLY,"IMPLEMENTED: version/as-of, blended or editable payer-mix forecast; no combined actual/forecast auto-rollforward",Forecast version/as-of and explicit payer mix exist; combined actual-plus-forecast automatic rollforward is not implemented.,D07; D13; D16,N32,Finance saves scenario/as-of and changes units or payer mix independently of actuals,C02,packages/rev-ops-service/src/index.ts; packages/rev-ops-service/src/reconciliation.ts,MISSING,NOT_RERUN,No forecast runtime; workbook has version/as-of drivers but no automatic actual/forecast rollforward,AT24; AT38,tests/unit/rev-ops-calendar.test.ts; tests/unit/rev-ops-month-close.test.ts; tests/integration/rev-ops.test.ts,P6,F10; F21
F25,Executive reporting and charts,Executive reporting and charts,W13,FEATURE_MAP!A29:J29,DASHBOARD; MANAGEMENT_REPORT; MONTHLY,IMPLEMENTED - baseline verified,"Reports and charts are synthetic operating projections; no live source freshness, real operational outcome or adoption evidence follows from their correctness.",D04; D08; D11; D13; D15; D16; D17; D20,N06; N28; N33,Leader reviews monthly/YTD contributors and approved reports with freshness and exceptions,C01; C02; C03; C07,packages/domain-contracts/src/revOps.ts; packages/case-repository/src/revOpsGateway.ts; app/src/workspaces/RevOps.tsx; packages/rev-ops-service/src/index.ts; packages/rev-ops-service/src/reconciliation.ts; packages/api-service/src/revOpsImport.ts; packages/api-service/src/revOpsXlsx.ts; packages/api-service/src/revOpsExport.ts,PARTIAL_REUSE,NOT_RERUN,Count/staffing close exports exist; full cross-domain dashboard and consolidation absent,AT25; AT35; AT37; AT38; AT40,tests/unit/rev-ops-calendar.test.ts; tests/unit/rev-ops-month-close.test.ts; tests/integration/rev-ops.test.ts; tests/unit/rev-ops-xlsx.test.ts; tests/unit/rev-ops-fields.test.ts; tests/unit/rev-ops-export.test.ts,P6,F05; F07; F15; F20; F21; F22; F23; F24; X03
F26,Metric dictionary and rule registry,Metric dictionary and rule registry,"W07,W13",FEATURE_MAP!A30:J30,DEFINITIONS; FORMULA_CATALOG; FEATURE_MAP,IMPLEMENTED: specific definitions for all 25 metrics and 22 rules; native validation pending,"All 25 metrics and 22 rules are cataloged; the catalog is explanatory, and not every N01-N39 acceptance case has executable test evidence. R-20 wording predates the explicit Unknown-payer bucket.; The feature row retains a pending label; PRESSURE_TEST reports later native validation, but that prior mutation proof is not rebound to the current hash.",D17; D23,N34,"Definition owner reviews metric grain, rule semantics, effective versions and examples",C07; C10,packages/domain-contracts/src/revOps.ts; packages/rev-ops-service/src/index.ts; packages/case-repository/src/revOpsGateway.ts; packages/api-service/src/revOpsExport.ts; packages/domain-contracts/src/analytics.ts,PARTIAL_REUSE,NOT_RERUN,Narrow staffing definition is separate from analytics scaffold; general approved registry absent,AT26; AT36,tests/unit/rev-ops-month-close.test.ts; tests/unit/rev-ops-export.test.ts,P0,X01
F27,"Decisions, source reconciliation and change history","Decisions, source reconciliation and change history",W01-W13,FEATURE_MAP!A31:J31,CORRECTIONS; SOURCE_FORMULAS; SOURCE_MAP; README,IMPLEMENTED - baseline verified,"Manual correction/decision/source registers exist; immutable, attributed revision history is not enforced by the workbook.",D18; D19; D20; D24,N35,"Reviewer traces source, decision and correction without rewriting history",C01; C02; C05; C09,packages/domain-contracts/src/revOps.ts; packages/case-repository/src/revOpsGateway.ts; app/src/workspaces/RevOps.tsx; packages/rev-ops-service/src/index.ts; packages/rev-ops-service/src/reconciliation.ts; packages/domain-contracts/src/episode.ts; packages/domain-contracts/src/utilizationReview.ts; packages/case-repository/src/episodePersistenceGateway.ts; packages/domain-contracts/src/iopPersistence.ts; packages/api-service/src/iopReconciliationRoutes.ts; packages/case-repository/src/iopReconciliationGateway.ts; packages/api-service/src/server.ts; packages/api-service/src/devMain.ts; prisma/schema.prisma; prisma/migrations/20260908000100_iop_reconciliation_persistence/migration.sql,PARTIAL_REUSE,NOT_RERUN,Existing scoped history reusable; Excel journal editable and no cross-domain correction-impact model,AT27,tests/unit/rev-ops-calendar.test.ts; tests/unit/rev-ops-month-close.test.ts; tests/integration/rev-ops.test.ts; tests/integration/s2-episode-persistence.test.ts; tests/unit/episode-utilization-contracts.test.ts; tests/unit/iop-persistence-contracts.test.ts; tests/integration/iop-reconciliation-persistence.test.ts,P0,X01
F28,Feature completeness and regression tests,Feature completeness and regression tests,W01-W13,FEATURE_MAP!A32:J32,CHECKS; PRESSURE_TEST; INDEX; EXAMPLES; FEATURE_MAP; COVERAGE,PARTIAL: arithmetic and selected mutations; all N01-N39 acceptance cases not yet evidenced,43 cached live checks and 30 examples can be inspected; not all N01-N39 acceptance cases are evidenced. Prior 32 native mutations belong to the prior validated snapshot and were not rerun for this current hash.,D17; D18,N36,"Product/reviewer checks every feature, rule and workflow against evidenced acceptance",C02; C03; C07; C08; C09,packages/rev-ops-service/src/index.ts; packages/rev-ops-service/src/reconciliation.ts; packages/api-service/src/revOpsImport.ts; packages/api-service/src/revOpsXlsx.ts; packages/api-service/src/revOpsExport.ts; packages/domain-contracts/src/revOps.ts; packages/case-repository/src/revOpsGateway.ts; packages/domain-contracts/src/iopReconciliation.ts; packages/domain-contracts/src/iopReconciliationImport.ts; app/src/workspaces/IopReconciliation.tsx; app/src/App.tsx; packages/domain-contracts/src/iopPersistence.ts; packages/api-service/src/iopReconciliationRoutes.ts; packages/case-repository/src/iopReconciliationGateway.ts; packages/api-service/src/server.ts; packages/api-service/src/devMain.ts; prisma/schema.prisma; prisma/migrations/20260908000100_iop_reconciliation_persistence/migration.sql,PARTIAL_REUSE,NOT_RERUN,30 examples/32 mutations do not cover all39 rule acceptances; platform-wide parity unproven,AT28; AT40,tests/unit/rev-ops-calendar.test.ts; tests/unit/rev-ops-month-close.test.ts; tests/integration/rev-ops.test.ts; tests/unit/rev-ops-xlsx.test.ts; tests/unit/rev-ops-fields.test.ts; tests/unit/rev-ops-export.test.ts; tests/unit/iop-reconciliation-sample.test.ts; tests/unit/iop-reconciliation-import.test.ts; app/src/workspaces/IopReconciliation.test.tsx; tests/unit/iop-persistence-contracts.test.ts; tests/integration/iop-reconciliation-persistence.test.ts,P0,
F29,Lookup and expansion design,Lookup and expansion design,"W07,W13",FEATURE_MAP!A33:J33,INDEX; PAYERS; SERVICES; PATIENTS; ENCOUNTERS; CONTRACT_RATES; IOP_ROSTER; IOP_VISITS; SERVICE_LEDGER; STAFF_STANDARDS; STAFF_DETAIL; COLLECTIONS; RECEIPT_ALLOCATIONS; FORECAST; PRESSURE_TEST,PARTIAL: structured keys/navigation; complete native append/sort/growth benchmark unverified,"Structured tables/keys and navigation exist; complete native append/sort and 5x/10x full-workbook recalculation benchmarks remain unverified. One native rebuild timing and dataset-only growth checks are narrower evidence.; Implementation note says native timing pending; PRESSURE_TEST contains one native rebuild timing, while full growth benchmarks remain unmeasured.",D01; D17; D18,N37; N38,"Administrator expands, sorts/imports and checks stable identity, correctness and workload latency",C01; C03; C09,packages/domain-contracts/src/revOps.ts; packages/case-repository/src/revOpsGateway.ts; app/src/workspaces/RevOps.tsx; packages/api-service/src/revOpsImport.ts; packages/api-service/src/revOpsXlsx.ts; packages/api-service/src/revOpsExport.ts; packages/domain-contracts/src/iopPersistence.ts; packages/api-service/src/iopReconciliationRoutes.ts; packages/case-repository/src/iopReconciliationGateway.ts; packages/api-service/src/server.ts; packages/api-service/src/devMain.ts; prisma/schema.prisma; prisma/migrations/20260908000100_iop_reconciliation_persistence/migration.sql,PARTIAL_REUSE,NOT_RERUN,Structured keys do not prove growth; native Excel and production application growth unmeasured,AT29; AT40,tests/unit/rev-ops-calendar.test.ts; tests/unit/rev-ops-month-close.test.ts; tests/integration/rev-ops.test.ts; tests/unit/rev-ops-xlsx.test.ts; tests/unit/rev-ops-fields.test.ts; tests/unit/iop-persistence-contracts.test.ts; tests/integration/iop-reconciliation-persistence.test.ts,P0,X01; X02
F30,2026 payment references and calculation scope,2026 payment references and calculation scope,W05-W07,FEATURE_MAP!A34:J34,MEDICARE_REFERENCE; IPF_FACTORS; BENEFITS_REFERENCE; LA_IP_JAN_JUN; LA_IP_JUL_DEC; LA_SBH_CPT; LA_SBH_HCPCS; LA_SBH_ADULT_SMI; LA_SBH_CRISIS; LA_SBH_MHR; LA_SBH_PROVIDER; LA_SBH_CSOC; LA_SBH_MODIFIERS; LA_SBH_JAN_REFERENCE; DECISIONS; CONTRACT_RATES; SETUP,"PARTIAL: published references retained; applied contracts fictional, actual facility pricing unresolved","Published 2026 references are separate from fictional applied contracts; actual facility applicability, pricer inputs and reimbursement calculation remain unresolved.",D07; D09; D23,N39,"Finance validates release, dates, facility/service applicability and payer distinctions",C06,packages/domain-contracts/src/benefits.ts; packages/benefits-service/src/benefitsCommandService.ts,ADJACENT_ONLY,NOT_RERUN,Published reference is not facility pricing; genuine Medicare/Medicaid/commercial application remains unresolved,AT30,tests/integration/benefits-command-service.test.ts; tests/workflow/benefits.test.ts,P3,F26
X01,"Facility setup, permissions and custom fields",,PLATFORM,Platform/source-workflow extension; no asserted workbook cell,,NOT_A_WORKBOOK_PARITY_CLAIM,Source workflow extends the restored workbook; see code and decision documents.,D01; D21,P01,"Administrator configures scope, delegated actions and typed field definitions",C01; C04; C09,packages/domain-contracts/src/revOps.ts; packages/case-repository/src/revOpsGateway.ts; app/src/workspaces/RevOps.tsx; packages/rev-ops-service/src/customFields.ts; app/src/workspaces/RevOpsFields.tsx; packages/domain-contracts/src/iopPersistence.ts; packages/api-service/src/iopReconciliationRoutes.ts; packages/case-repository/src/iopReconciliationGateway.ts; packages/api-service/src/server.ts; packages/api-service/src/devMain.ts; prisma/schema.prisma; prisma/migrations/20260908000100_iop_reconciliation_persistence/migration.sql,PARTIAL_REUSE,NOT_RERUN,Core setup/fields exist; IOP program delegation and new-grain types require review,AT31; AT39,tests/unit/rev-ops-calendar.test.ts; tests/unit/rev-ops-month-close.test.ts; tests/integration/rev-ops.test.ts; tests/unit/rev-ops-xlsx.test.ts; tests/unit/rev-ops-fields.test.ts; tests/unit/iop-persistence-contracts.test.ts; tests/integration/iop-reconciliation-persistence.test.ts,P0,
X02,Safe source import and reconciliation,,PLATFORM,Platform/source-workflow extension; no asserted workbook cell,,NOT_A_WORKBOOK_PARITY_CLAIM,Source workflow extends the restored workbook; see code and decision documents.,D18; D19; D24,P02,"Data owner validates format and authority, previews source changes, then resolves conflicts or reviews linked-source exceptions",C01; C03; C09,packages/domain-contracts/src/revOps.ts; packages/case-repository/src/revOpsGateway.ts; app/src/workspaces/RevOps.tsx; packages/api-service/src/revOpsImport.ts; packages/api-service/src/revOpsXlsx.ts; packages/api-service/src/revOpsExport.ts; packages/domain-contracts/src/iopPersistence.ts; packages/api-service/src/iopReconciliationRoutes.ts; packages/case-repository/src/iopReconciliationGateway.ts; packages/api-service/src/server.ts; packages/api-service/src/devMain.ts; prisma/schema.prisma; prisma/migrations/20260908000100_iop_reconciliation_persistence/migration.sql,PARTIAL_REUSE,NOT_RERUN,"Count imports and synthetic IOP path exist; full workbook/staffing/EHR/RCM adapters absent; valid IOP snapshots with orphan links are accepted as evidence with issues, not rejected wholesale",AT32; AT37; AT39,tests/unit/rev-ops-calendar.test.ts; tests/unit/rev-ops-month-close.test.ts; tests/integration/rev-ops.test.ts; tests/unit/rev-ops-xlsx.test.ts; tests/unit/rev-ops-fields.test.ts; tests/unit/iop-persistence-contracts.test.ts; tests/integration/iop-reconciliation-persistence.test.ts,P0,X01
X03,"Reviewed close, reopening and export",,PLATFORM,Platform/source-workflow extension; no asserted workbook cell,,NOT_A_WORKBOOK_PARITY_CLAIM,Source workflow extends the restored workbook; see code and decision documents.,D13; D17; D19; D20,N35; P03,"Authorized reviewer closes, reopens, corrects, recloses and exports a preserved report",C01; C02; C03; C07; C09,packages/domain-contracts/src/revOps.ts; packages/case-repository/src/revOpsGateway.ts; app/src/workspaces/RevOps.tsx; packages/rev-ops-service/src/index.ts; packages/rev-ops-service/src/reconciliation.ts; packages/api-service/src/revOpsImport.ts; packages/api-service/src/revOpsXlsx.ts; packages/api-service/src/revOpsExport.ts; packages/domain-contracts/src/iopPersistence.ts; packages/api-service/src/iopReconciliationRoutes.ts; packages/case-repository/src/iopReconciliationGateway.ts; packages/api-service/src/server.ts; packages/api-service/src/devMain.ts; prisma/schema.prisma; prisma/migrations/20260908000100_iop_reconciliation_persistence/migration.sql,PARTIAL_REUSE,NOT_RERUN,Census/staffing and IOP closes have different contracts; no consolidated or IOP reopen cycle,AT33; AT35; AT39,tests/unit/rev-ops-calendar.test.ts; tests/unit/rev-ops-month-close.test.ts; tests/integration/rev-ops.test.ts; tests/unit/rev-ops-xlsx.test.ts; tests/unit/rev-ops-fields.test.ts; tests/unit/rev-ops-export.test.ts; tests/unit/iop-persistence-contracts.test.ts; tests/integration/iop-reconciliation-persistence.test.ts,P0,X01; X02
X04,"IOP documentation, charge and EMR reconciliation",,W04,Platform/source-workflow extension; no asserted workbook cell,,NOT_A_WORKBOOK_PARITY_CLAIM,Source workflow extends the restored workbook; see code and decision documents.,D05; D06; D18; D22; D24; D20,P04,IOP reviewer matches plan/attendance/note-audit/charge/billable refs and reviews exceptions before close,C08; C09,packages/domain-contracts/src/iopReconciliation.ts; packages/domain-contracts/src/iopReconciliationImport.ts; app/src/workspaces/IopReconciliation.tsx; app/src/App.tsx; packages/domain-contracts/src/iopPersistence.ts; packages/api-service/src/iopReconciliationRoutes.ts; packages/case-repository/src/iopReconciliationGateway.ts; packages/api-service/src/server.ts; packages/api-service/src/devMain.ts; prisma/schema.prisma; prisma/migrations/20260908000100_iop_reconciliation_persistence/migration.sql,PARTIAL_REUSE,NOT_RERUN,"Authenticated synthetic UI is wired to persisted import/review/close/read; program binding, database controls, source authority and real sources remain unapproved",AT34; AT39,tests/unit/iop-reconciliation-sample.test.ts; tests/unit/iop-reconciliation-import.test.ts; app/src/workspaces/IopReconciliation.test.tsx; tests/unit/iop-persistence-contracts.test.ts; tests/integration/iop-reconciliation-persistence.test.ts,P2,F13; F14; X01; X02
